-163.71289568 -78.59566741
-163.10580095 -78.22333872
-161.24511349 -78.38017669
-160.24620806 -78.69364593
-159.48240455 -79.04633758
-159.20818356 -79.49700775
-161.12760128 -79.63420867
-162.43984677 -79.28146535
-163.02740780 -78.92877370
-163.06660438 -78.86996592
-163.71289568 -78.59566741

-6.19788489 53.86756501
-6.03298540 53.15319001
-6.78885657 52.26011791
-8.56161658 51.66930126
-9.97708574 51.82045482
-9.16628252 52.86462881
-9.68852454 53.88136262
-8.32798743 54.66451895
-7.57216793 55.13162222
-6.73384701 55.17286001
-5.66194861 54.55460318
-6.19788489 53.86756501

141.00021040 -2.60015106
142.73524662 -3.28915293
144.58397098 -3.86141774
145.27312788 -4.37373789
145.82978641 -4.87649790
145.98192183 -5.46560923
147.64807336 -6.08365936
147.89110762 -6.61401458
146.97090539 -6.72165659
147.19187381 -7.38802418
148.08463586 -8.04410817
148.73410526 -9.10466359
149.30683516 -9.07143564
149.26663089 -9.51440602
150.03872847 -9.68431813
149.73879846 -9.87293711
150.80162764 -10.29368662
150.69057499 -10.58271290
150.02839318 -10.65247609
149.78231001 -10.39326710
148.92313765 -10.28092254
147.91301843 -10.13044077
147.13544315 -9.49244354
146.56788089 -8.94255462
146.04848107 -8.06741424
144.74416792 -7.63012827
143.89708784 -7.91533050
143.28637577 -8.24549122
143.41391320 -8.98306894
142.62843143 -9.32682057
142.06825891 -9.15959564
141.03385176 -9.11789275
140.14341516 -8.29716766
139.12776655 -8.09604298
138.88147668 -8.38093515
137.61447391 -8.41168263
138.03909916 -7.59788218
138.66862145 -7.32022470
138.40791385 -6.23284922
137.92783980 -5.39336557
135.98925012 -4.54654388
135.16459761 -4.46293141
133.66288049 -3.53885345
133.36770471 -4.02481862
132.98395552 -4.11297861
132.75694095 -3.74628265
132.75378869 -3.31178720
131.98980432 -2.82055104
133.06684452 -2.46041798
133.78003096 -2.47984832
133.69621179 -2.21454152
132.23237349 -2.21252614
131.83622196 -1.61716196
130.94283980 -1.43252207
130.51955814 -0.93772023
131.86753788 -0.69546111
132.38011641 -0.36953786
133.98554813 -0.78021046
134.14336795 -1.15186736
134.42262739 -2.76918467
135.45760298 -3.36770110
136.29331424 -2.30704233
137.44073775 -1.70351328
138.32972741 -1.70263478
139.18492069 -2.05129567
139.92668420 -2.40899993
141.00021040 -2.60015106

114.20401655 4.52587393
114.59996138 4.90001130
115.45071048 5.44772980
116.22074100 6.14319123
116.72510298 6.92477143
117.12962609 6.92805288
117.64339318 6.42216645
117.68907515 5.98749014
118.34769128 5.70869579
119.18190392 5.40783560
119.11069380 5.01612824
118.43972700 4.96651887
118.61832075 4.47820242
117.88203495 4.13755138
117.31323246 3.23442821
118.04832971 2.28769013
117.87562707 1.82764069
118.99674727 0.90221914
117.81185835 0.78424185
117.47833866 0.10247468
117.52164351 -0.80372324
116.56004846 -1.48760914
116.53379683 -2.48351735
116.14808394 -4.01272633
116.00085778 -3.65703745
114.86480309 -4.10698414
114.46865156 -3.49570363
113.75567183 -3.43916961
113.25699426 -3.11877573
112.06812626 -3.47839202
111.70329064 -2.99444223
111.04824019 -3.04942596
110.22384606 -2.93403248
110.07093550 -1.59287404
109.57194787 -1.31490651
109.09187381 -0.45950652
108.95265751 0.41537547
109.06913618 1.34193391
109.66326013 2.00649282
110.39613529 1.66377473
111.16885298 1.85063670
111.37008101 2.69730337
111.79692834 2.88589651
112.99561486 3.10239492
113.71293542 3.89350943
114.20401655 4.52587393

-93.61275591 74.97999726
-94.15690874 74.59234650
-95.60868059 74.66686392
-96.82093218 74.92762320
-96.28858741 75.37782827
-94.85081987 75.64721752
-93.97774655 75.29648957
-93.61275591 74.97999726

-93.84000302 77.51999726
-94.29560828 77.49134268
-96.16965410 77.55511140
-96.43630449 77.83462922
-94.42257728 77.82000479
-93.72065630 77.63433137
-93.84000302 77.51999726

-96.75439877 78.76581269
-95.55927792 78.41831452
-95.83029497 78.05694123
-97.30984290 77.85059724
-98.12428931 78.08285696
-98.55286780 78.45810537
-98.63198442 78.87193024
-97.33723141 78.83198436
-96.75439877 78.76581269

-88.15035031 74.39230703
-89.76472205 74.51555533
-92.42244097 74.83775788
-92.76828549 75.38681997
-92.88990597 75.88265534
-93.89382402 76.31924368
-95.96245745 76.44138093
-97.12137895 76.75107779
-96.74512285 77.16138866
-94.68408586 77.09787832
-93.57392107 76.77629588
-91.60502316 76.77851797
-90.74184587 76.44959748
-90.96966142 76.07401317
-89.82223792 75.84777375
-89.18708289 75.61016551
-87.83827633 75.56618887
-86.37919227 75.48242137
-84.78962521 75.69920401
-82.75344459 75.78431509
-81.12853085 75.71398347
-80.05751095 75.33684886
-79.83393287 74.92312735
-80.45777076 74.65730378
-81.94884254 74.44245901
-83.22889360 74.56402782
-86.09745236 74.41003205
-88.15035031 74.39230703

-111.26444333 78.15298188
-109.85445187 77.99632477
-110.18693804 77.69701488
-112.05119117 77.40922883
-113.53427894 77.73220653
-112.72458676 78.05105012
-111.26444333 78.15298188

-110.96366065 78.80444082
-109.66314572 78.60197256
-110.88131426 78.40694571
-112.54209144 78.40790172
-112.52589088 78.55055451
-111.50001034 78.84999360
-110.96366065 78.80444082

-66.28243446 18.51476166
-65.77130286 18.42667919
-65.59100379 18.22803498
-65.84716387 17.97590567
-66.59993446 17.98182262
-67.18416236 17.94655345
-67.24242754 18.37448599
-67.10067908 18.52060110
-66.28243446 18.51476166

-77.56960080 18.49052542
-76.89661862 18.40086681
-76.36535906 18.16070059
-76.19965858 17.88686717
-76.90256141 17.86823782
-77.20634132 17.70111624
-77.76602292 17.86159740
-78.33771929 18.22596792
-78.21772661 18.45453278
-77.79736467 18.52421845
-77.56960080 18.49052542

-82.26815121 23.18861074
-81.40445716 23.11727143
-80.61876868 23.10600597
-79.67952369 22.76530325
-79.28148597 22.39920157
-78.34743446 22.51216625
-77.99329586 22.27719351
-77.14642249 21.65785147
-76.52382484 21.20681957
-76.19462012 21.22056550
-75.59822242 21.01662446
-75.67106035 20.73509125
-74.93389604 20.69390514
-74.17802487 20.28465363
-74.29664812 20.05037853
-74.96159461 19.92343537
-75.63468014 19.87377432
-76.32365618 19.95289094
-77.75548092 19.85548086
-77.08510841 20.41335379
-77.49265459 20.67310537
-78.13729224 20.73994884
-78.48282671 21.02861339
-78.71986650 21.59811351
-79.28499997 21.55917532
-80.21747535 21.82732433
-80.51753455 22.03707897
-81.82094337 22.19205659
-82.16999183 22.38710928
-81.79500180 22.63696483
-82.77589800 22.68815034
-83.49445879 22.16851797
-83.90880042 22.15456533
-84.05215085 21.91057506
-84.54703020 21.80122773
-84.97491106 21.89602814
-84.44706214 22.20494986
-84.23035702 22.56575471
-83.77823992 22.78811839
-83.26754757 22.98304190
-82.51043616 23.07874665
-82.26815121 23.18861074

-55.60021827 51.31707469
-56.13403581 50.68700979
-56.79588172 49.81230866
-56.14310503 50.15011750
-55.47149228 49.93581533
-55.82240109 49.58712861
-54.93514258 49.31301097
-54.47377540 49.55669119
-53.47654945 49.24913890
-53.78601376 48.51678050
-53.08613400 48.68780366
-52.95864824 48.15716421
-52.64809872 47.53554841
-53.06915829 46.65549877
-53.52145626 46.61829173
-54.17893551 46.80706574
-53.96186866 47.62520702
-54.24048214 47.75227936
-55.40077308 46.88499380
-55.99748084 46.91972036
-55.29121904 47.38956249
-56.25079871 47.63254507
-57.32522925 47.57280712
-59.26601518 47.60334789
-59.41949419 47.89945384
-58.79658647 48.25152538
-59.23162452 48.52318838
-58.39180498 49.12558055
-57.35868974 50.71827403
-56.73865007 51.28743826
-55.87097694 51.63209422
-55.40697425 51.58827261
-55.60021827 51.31707469

-83.88262631 65.10961782
-82.78757687 64.76669302
-81.64201372 64.45513581
-81.55344031 63.97960928
-80.81736121 64.05748566
-80.10345130 63.72598135
-80.99101986 63.41124604
-82.54717811 63.65172232
-83.10879757 64.10187572
-84.10041663 63.56971182
-85.52340471 63.05237906
-85.86676876 63.63725292
-87.22198320 63.54123810
-86.35275977 64.03583324
-86.22488644 64.82291698
-85.88384783 65.73877839
-85.16130795 65.65728465
-84.97576372 65.21751822
-84.46401201 65.37177237
-83.88262631 65.10961782

-78.77063860 72.35219900
-77.82462399 72.74961660
-75.60584469 72.24367849
-74.22861610 71.76714427
-74.09914079 71.33084016
-72.24222571 71.55692455
-71.20001543 70.92001252
-68.78605425 70.52502371
-67.91497047 70.12194754
-66.96903337 69.18608735
-68.80512285 68.72019847
-66.44986610 68.06716340
-64.86231442 67.84753856
-63.42493445 66.92847321
-61.85198137 66.86212067
-62.16317685 66.16025137
-63.91844438 64.99866852
-65.14886024 65.42603262
-66.72121904 66.38804108
-68.01501604 66.26272574
-68.14128740 65.68978913
-67.08964617 65.10845511
-65.73208045 64.64840567
-65.32016761 64.38273713
-64.66940630 63.39292674
-65.01380388 62.67418509
-66.27504473 62.94509878
-68.78318620 63.74567007
-67.36968075 62.88396556
-66.32829729 62.28007477
-66.16556820 61.93089712
-68.87736650 62.33014924
-71.02343706 62.91070812
-72.23537859 63.39783601
-71.88627845 63.67998933
-73.37830624 64.19396312
-74.83441891 64.67910147
-74.81850257 64.38909333
-77.70997982 64.22954234
-78.55594886 64.57290640
-77.89728105 65.30919221
-76.01827430 65.32696890
-73.95979529 65.45476472
-74.29388343 65.81177135
-73.94491248 66.31057811
-72.65116716 67.28457551
-72.92605994 67.72692577
-73.31161780 68.06943716
-74.84330726 68.55462718
-76.86910092 68.89473562
-76.22864905 69.14776927
-77.28736996 69.76954011
-78.16863400 69.82648754
-78.95724219 70.16688019
-79.49245500 69.87180777
-81.30547095 69.74318513
-84.94470618 69.96663402
-87.06000342 70.26000113
-88.68171322 70.41074128
-89.51341956 70.76208934
-88.46772112 71.21818553
-89.88815121 71.22255219
-90.20516029 72.23507437
-89.43657671 73.12946422
-88.40824154 73.53788890
-85.82615109 73.80381582
-86.56217851 73.15744701
-85.77437130 72.53412588
-84.85011247 73.34027823
-82.31559018 73.75095083
-80.60008765 72.71654369
-80.74894162 72.06190664
-78.77063860 72.35219900

-94.50365760 74.13490672
-92.42001217 74.10002513
-90.50979285 73.85673249
-92.00396522 72.96624421
-93.19629554 72.77199250
-94.26904660 72.02459626
-95.40985552 72.06188081
-96.03374508 72.94027680
-96.01826799 73.43742992
-95.49579342 73.86241690
-94.50365760 74.13490672

-100.43835995 72.70589834
-101.54000000 73.36000000
-100.35642697 73.84386506
-99.16386410 73.63338695
-97.38000000 73.76000000
-97.12000000 73.47000000
-98.05359595 72.99053213
-96.54000000 72.56000000
-96.72000000 71.66000000
-98.35964962 71.27285920
-99.32284665 71.35639415
-100.01481991 71.73825715
-102.48000000 72.48292128
-102.48000000 72.83000000
-100.43835995 72.70589834

-107.81943397 75.84552582
-106.92891985 76.01282827
-105.88099932 75.96939423
-105.70498939 75.47952749
-106.31347938 75.00526704
-109.69999101 74.85000519
-112.22306698 74.41695669
-113.74380103 74.39427074
-113.87133847 74.72029735
-111.79420427 75.16249258
-116.31219723 75.04343008
-117.71040646 75.22223054
-116.34601946 76.19901846
-115.40486243 76.47887218
-112.59056393 76.14134756
-110.81421241 75.54918732
-109.06710975 75.47322297
-110.49725501 76.42980541
-109.58110938 76.79417593
-108.54859000 76.67832000
-108.21141000 76.20168000
-107.81943397 75.84552582

-122.85492449 76.11654287
-121.15753455 76.86453339
-119.10393897 77.51221996
-117.57013078 77.49831900
-116.19858660 77.64528677
-116.33581336 76.87696158
-117.10605058 76.53003185
-118.04041216 76.48117178
-119.89931678 76.05323924
-121.49999427 75.90001862
-122.85492449 76.11654287

-121.53787309 74.44894440
-120.10976905 74.24136018
-117.55563555 74.18575633
-116.58442868 73.89605825
-115.51079912 73.47520539
-116.76793169 73.22292105
-119.22000000 72.52000000
-120.46000000 71.82000000
-120.46000000 71.38360179
-123.09219683 70.90164155
-123.62000000 71.34000000
-125.92894874 71.86868846
-125.50000000 72.29226081
-124.80729000 73.02256000
-123.94000000 73.68000000
-124.91774431 74.29272655
-121.53787309 74.44894440

-166.46779212 60.38416983
-165.67442969 60.29360688
-165.57916419 59.90998688
-166.19277015 59.75444082
-166.84833737 59.94140616
-167.45527707 60.21306916
-166.46779212 60.38416983

-153.22872942 57.96902009
-152.56479062 57.90142731
-152.14114722 57.59105866
-153.00631405 57.11584219
-154.00509030 56.73467683
-154.51640276 56.99274893
-154.67099280 57.46119579
-153.76277951 57.81657461
-153.22872942 57.96902009

-132.71000770 54.04000926
-131.74998878 54.12000438
-132.04947954 52.98462149
-131.17904171 52.18043285
-131.57782874 52.18237071
-132.18042762 52.63970714
-132.54999162 53.10001496
-133.05461199 53.41146882
-133.23966529 53.85108023
-133.18000485 54.16997549
-132.71000770 54.04000926

-125.41500078 49.95000052
-124.92076738 49.47527497
-123.92250790 49.06248363
-123.51000078 48.51001089
-124.01288998 48.37084626
-125.65501197 48.82500458
-125.95499366 49.17999584
-126.85000363 49.53000031
-127.02999264 49.81499584
-128.05933550 49.99495901
-128.44458330 50.53913768
-128.35841285 50.77064810
-127.30858029 50.55257355
-126.69500017 50.40090323
-125.75500587 50.29501822
-125.41500078 49.95000052

-171.73165687 63.78251537
-171.11443356 63.59219107
-170.49111243 63.69497549
-169.68250546 63.43111563
-168.68943946 63.29750621
-168.77194088 63.18859813
-169.52943987 62.97693146
-170.29055620 63.19443757
-170.67138567 63.37582185
-171.55306312 63.31778921
-171.79111060 63.40584585
-171.73165687 63.78251537

-105.49228919 79.30159394
-103.52928240 79.16534903
-100.82515805 78.80046174
-100.06019182 78.32478018
-99.67093909 77.90754466
-101.30394019 78.01898489
-102.94980872 78.34322866
-105.17613278 78.38033234
-104.21042945 78.67742015
-105.41958045 78.91833568
-105.49228919 79.30159394

32.94696089 35.38670340
33.66722700 35.37321585
34.57647383 35.67159557
33.90080448 35.24578177
34.00488081 34.97809785
32.97982710 34.57186941
32.49029626 34.70165477
32.25666711 35.10323233
32.80247359 35.14550365
32.94696089 35.38670340

26.29000288 35.29999034
26.16499759 35.00499543
24.72498213 34.91998770
24.73500736 35.08499055
23.51497847 35.27999156
23.69998010 35.70500438
24.24666507 35.36802237
25.02501550 35.42499563
25.76920780 35.35401805
25.74502323 35.17999767
26.29000288 35.29999034

49.54351891 -12.46983286
49.80898075 -12.89528493
50.05651086 -13.55576141
50.21743127 -14.75878875
50.47653690 -15.22651214
50.37711144 -15.70606943
50.20027469 -16.00026336
49.86060550 -15.41425262
49.67260664 -15.71015187
49.86334435 -16.45103688
49.77456424 -16.87504201
49.49861209 -17.10603566
49.43561852 -17.95306406
49.04179243 -19.11878102
48.54854089 -20.49688812
47.93074914 -22.39150115
47.54772342 -23.78195892
47.09576135 -24.94162973
46.28247765 -25.17846282
45.40950768 -25.60143442
44.83357385 -25.34610117
44.03972049 -24.98834523
43.76376834 -24.46067718
43.69777754 -23.57411631
43.34565433 -22.77690399
43.25418705 -22.05741302
43.43329756 -21.33647511
43.89368290 -21.16330739
43.89637007 -20.83045949
44.37432539 -20.07236622
44.46439741 -19.43545420
44.23242191 -18.96199472
44.04297611 -18.33138722
43.96308434 -17.40994476
44.31246870 -16.85044402
44.44651737 -16.21621917
44.94493656 -16.17937387
45.50273197 -15.97437347
45.87299361 -15.79345428
46.31224328 -15.78001841
46.88218265 -15.21018239
47.70512984 -14.59430267
48.00521488 -14.09123260
47.86899580 -13.66386850
48.29382775 -13.78406788
48.84506026 -13.08917490
48.86350874 -12.48786793
49.19465132 -12.04050506
49.54351891 -12.46983286

167.21680139 -15.89184621
167.84487674 -16.46633310
167.51518111 -16.59784962
167.18000777 -16.15999521
167.21680139 -15.89184621

166.79315799 -15.66881072
166.64985925 -15.39270355
166.62913700 -14.62649708
167.10771244 -14.93392018
167.27002811 -15.74002085
167.00120731 -15.61460215
166.79315799 -15.66881072

134.21013391 -6.89523773
134.11277551 -6.14246714
134.29033573 -5.78305755
134.49962528 -5.44504201
134.72700158 -5.73758229
134.72462447 -6.21440073
134.21013391 -6.89523773

-48.66061601 -78.04701873
-48.15139645 -78.04707041
-46.66285682 -77.83147633
-45.15475766 -78.04707041
-43.92082781 -78.47810353
-43.48994971 -79.08555999
-43.37243751 -79.51664479
-43.33326677 -80.02612274
-44.88053667 -80.33964365
-46.50617388 -80.59435678
-48.38642086 -80.82948455
-50.48210690 -81.02544158
-52.85198808 -80.96668548
-54.16425941 -80.63352752
-53.98799110 -80.22202809
-51.85313432 -79.94772959
-50.99132646 -79.61462331
-50.36459469 -79.18348683
-49.91413123 -78.81120981
-49.30695899 -78.45856984
-48.66061601 -78.04701873

-66.29003089 -80.25577280
-64.03768775 -80.29489186
-61.88324561 -80.39287038
-61.13897580 -79.98137095
-60.61011919 -79.62867929
-59.57209469 -80.04017873
-59.86584937 -80.54965667
-60.15965573 -81.00032684
-62.25539344 -80.86317759
-64.48812537 -80.92193369
-65.74166643 -80.58882741
-65.74166643 -80.54965667
-66.29003089 -80.25577280

-73.91581865 -71.26934458
-73.23033078 -71.15178069
-72.07471656 -71.19095143
-71.78096188 -70.68147348
-71.72217994 -70.30914479
-71.74179114 -69.50578297
-71.17381548 -69.03547576
-70.25325151 -68.87874114
-69.72444658 -69.25101816
-69.48942217 -69.62334686
-69.05851824 -70.07401702
-68.72554114 -70.50515350
-68.45134599 -70.95582366
-68.33383379 -71.40649383
-68.51012794 -71.79840789
-68.78429725 -72.17068491
-69.95947099 -72.30788584
-71.07588864 -72.50384287
-72.38813412 -72.48420582
-71.89849993 -72.09234344
-73.07362200 -72.22949269
-74.19003964 -72.36669362
-74.95389482 -72.07275807
-75.01262509 -71.66125864
-73.91581865 -71.26934458

-102.33072506 -71.89416432
-101.70396745 -71.71779266
-100.43091855 -71.85499359
-98.98154965 -71.93333506
-97.88474321 -72.07053598
-96.78793677 -71.95297210
-96.20034990 -72.52120615
-96.98376461 -72.44286468
-98.19808326 -72.48203541
-99.43201311 -72.44286468
-100.78345517 -72.50162078
-101.80186846 -72.30566375
-102.33072506 -71.89416432

-122.62173459 -73.65777760
-122.40624386 -73.32461964
-121.21151059 -73.50099131
-119.91885047 -73.65772593
-118.72414303 -73.48135426
-119.29211870 -73.83409759
-120.23221636 -74.08881072
-121.62282915 -74.01046925
-122.62173459 -73.65777760

-127.28312965 -73.46176889
-126.55847104 -73.24622650
-125.55956560 -73.48135426
-124.03188107 -73.87326832
-124.61946794 -73.83409759
-125.91217974 -73.73611907
-127.28312965 -73.46176889

165.77998986 -21.08000498
166.59999149 -21.70001881
167.12001143 -22.15999074
166.74003462 -22.39997609
166.18973229 -22.12970835
165.47437544 -21.67960662
164.82981530 -21.14981984
164.16799523 -20.44474660
164.02960575 -20.10564585
164.45996708 -20.12001190
165.02003625 -20.45999114
165.46000939 -20.80002207
165.77998986 -21.08000498

152.64001672 -3.65998301
153.01999352 -3.98001515
153.14003788 -4.49998341
152.82729211 -4.76642710
152.63867313 -4.17612721
152.40602583 -3.78974253
151.95323693 -3.46206227
151.38427941 -3.03542164
150.66204960 -2.74148610
150.93996545 -2.50000213
151.47998417 -2.77998504
151.82001509 -2.99997161
152.23998946 -3.24000864
152.64001672 -3.65998301

151.30139042 -5.84072845
150.75444706 -6.08371103
150.24119673 -6.31775359
149.70996301 -6.31651336
148.89006473 -6.02604013
148.31893680 -5.74714243
148.40182580 -5.43775563
149.29841190 -5.58374155
149.84556197 -5.50550343
149.99625044 -5.02610117
150.13975589 -5.00134816
150.23690759 -5.53222015
150.80746708 -5.45584238
151.08967207 -5.11369272
151.64788089 -4.75707366
151.53786177 -4.16780731
152.13679162 -4.14879038
152.33874312 -4.31296640
152.31869266 -4.86766123
151.98279585 -5.47806325
151.45910689 -5.56028045
151.30139042 -5.84072845

162.11902469 -10.48271901
162.39864587 -10.82636728
161.70003218 -10.82001108
161.31979699 -10.20475148
161.91738325 -10.44664886
162.11902469 -10.48271901

161.67998172 -9.59998219
161.52939660 -9.78431203
160.78825321 -8.91754323
160.57999719 -8.32000864
160.92002811 -8.32000864
161.28000614 -9.12001149
161.67998172 -9.59998219

160.85222863 -9.87293711
160.46258833 -9.89520965
159.84944746 -9.79402719
159.64000288 -9.63997975
159.70294478 -9.24294972
160.36295617 -9.40030446
160.68851769 -9.61016245
160.85222863 -9.87293711

159.64000288 -8.02002695
159.87502730 -8.33732024
159.91740197 -8.53828989
159.13367720 -8.11418141
158.58611372 -7.75482350
158.21114953 -7.42187225
158.35997766 -7.32001800
158.82000126 -7.56000335
159.64000288 -8.02002695

157.14000044 -7.02163828
157.53842573 -7.34781992
157.33941979 -7.40476735
156.90203047 -7.17687428
156.49135786 -6.76594329
156.54282759 -6.59933847
157.14000044 -7.02163828

154.75999068 -5.33998382
155.06291792 -5.56679168
155.54774621 -6.20065480
156.01996545 -6.54001393
155.88002567 -6.81999684
155.59999108 -6.91999074
155.16699426 -6.53593149
154.72919152 -5.90077646
154.51411421 -5.13911753
154.65250370 -5.04237925
154.75999068 -5.33998382

176.88582360 -40.06597788
176.50801721 -40.60475636
176.01244022 -41.28962412
175.23956750 -41.68830779
175.06789839 -41.42589487
174.65097294 -41.28182098
175.22763024 -40.45923553
174.90015669 -39.90888152
173.82404667 -39.50885426
173.85226200 -39.14660247
174.57480187 -38.79768320
174.74347375 -38.02780771
174.69696496 -37.38112884
174.29202844 -36.71109222
174.31900353 -36.53482391
173.84099654 -36.12198089
173.05417118 -35.23712534
172.63600549 -34.52910654
173.00704227 -34.45066172
173.55129846 -35.00618336
174.32939050 -35.26549570
174.61200891 -36.15634572
175.33661584 -37.20909800
175.35759647 -36.52619394
175.80888675 -36.79894215
175.95849003 -37.55538177
176.76319543 -37.88125335
177.43881310 -37.96124847
178.01035445 -37.57982472
178.51709354 -37.69537322
178.27473107 -38.58281260
177.97046024 -39.16634287
177.20699263 -39.14577565
176.93998050 -39.44973642
177.03294641 -39.87994272
176.88582360 -40.06597788

169.66781457 -43.55532562
170.52491988 -43.03168833
171.12508996 -42.51275359
171.56971398 -41.76742441
171.94870894 -41.51441660
172.09722700 -40.95610442
172.79857954 -40.49396209
173.02037479 -40.91905242
173.24723433 -41.33199879
173.95840539 -40.92670053
174.24758670 -41.34915537
174.24851688 -41.77000823
173.87644657 -42.23318410
173.22273970 -42.97003834
172.71124637 -43.37228769
173.08011275 -43.85334360
172.30858361 -43.86569427
171.45292525 -44.24246714
171.18513797 -44.89710418
170.61669722 -45.90892872
169.83142215 -46.35577483
169.33233117 -46.64123545
168.41135379 -46.61994476
167.76374475 -46.29019744
166.67688602 -46.21991749
166.50914432 -45.85270477
167.04637251 -45.11094126
168.30376346 -44.12397308
168.94940881 -43.93581919
169.66781457 -43.55532562

147.68925947 -40.80825815
148.28906782 -40.87543751
148.35986454 -42.06239349
148.01730147 -42.40702361
147.91405196 -43.21152231
147.56456424 -42.93768890
146.87034305 -43.63459726
146.66332726 -43.58085377
146.04837772 -43.54974456
145.43192956 -42.69377614
145.29509037 -42.03360971
144.71807132 -41.16255177
144.74375451 -40.70397511
145.39797814 -40.79254852
146.36412072 -41.13764373
146.90858361 -41.00054616
147.68925947 -40.80825815

126.14871382 -32.21596608
125.08862349 -32.72875132
124.22164798 -32.95948659
124.02894657 -33.48384734
123.65966678 -33.89017913
122.81103641 -33.91446705
122.18306441 -34.00340219
121.29919071 -33.82103607
120.58026818 -33.93017669
119.89369510 -33.97606536
119.29889937 -34.50936614
119.00734094 -34.46414927
118.50571781 -34.74681935
118.02497196 -35.06473276
117.29550744 -35.02545867
116.62510908 -35.02509694
115.56434696 -34.38642791
115.02680871 -34.19651702
115.04861616 -33.62342539
115.54512333 -33.48725799
115.71467370 -33.25957163
115.67937870 -32.90036875
115.80164514 -32.20506235
115.68961063 -31.61243703
115.16090905 -30.60159433
114.99704308 -30.03072479
115.04003788 -29.46104380
114.64197432 -28.81023081
114.61649784 -28.51639861
114.17357914 -28.11807667
114.04888391 -27.33471364
113.47749759 -26.54313405
113.33895308 -26.11654510
113.77835778 -26.54902516
113.44096236 -25.62127817
113.93690108 -25.91123463
114.23285200 -26.29844614
114.21616052 -25.78628102
113.72125532 -24.99893890
113.62534387 -24.68397104
113.39352339 -24.38471282
113.50204390 -23.80635019
113.70699263 -23.56021535
113.84341841 -23.05998748
113.73655155 -22.47547536
114.14975630 -21.75582936
114.22530724 -22.51748830
114.64776208 -21.82951995
115.46016727 -21.49517344
115.94737267 -21.06868784
116.71161543 -20.70168182
117.16631636 -20.62354705
117.44154504 -20.74689870
118.22955895 -20.37420827
118.83608524 -20.26331064
118.98780724 -20.04420257
119.25249393 -19.95294199
119.80522505 -19.97650644
120.85622033 -19.68370778
121.39985640 -19.23975555
121.65508630 -18.70531789
122.24166548 -18.19764861
122.28662398 -17.79860320
122.31277225 -17.25491546
123.01257450 -16.40519988
123.43378910 -17.26855804
123.85934452 -17.06903533
123.50324222 -16.59650604
123.81707320 -16.11131601
124.25828657 -16.32794362
124.37972619 -15.56705983
124.92615279 -15.07510019
125.16727502 -14.68039560
125.67008670 -14.51007008
125.68579634 -14.23065561
126.12514937 -14.34734100
126.14282271 -14.09598683
126.58258915 -13.95279144
127.06586714 -13.81796762
127.80463342 -14.27690602
128.35968998 -14.86916961
128.98554325 -14.87599090
129.62147342 -14.96978362
129.40960005 -14.42066985
129.88864058 -13.61870330
130.33946577 -13.35737558
130.18350630 -13.10752003
130.61779504 -12.53639210
131.22349450 -12.18364878
131.73509118 -12.30245289
132.57529829 -12.11404062
132.55721154 -11.60301238
131.82469811 -11.27378183
132.35722375 -11.12851938
133.01956058 -11.37641123
133.55084598 -11.78651539
134.39306848 -12.04236541
134.67863244 -11.94118296
135.29849125 -12.24860605
135.88269331 -11.96226694
136.25838098 -12.04934173
136.49247521 -11.85720875
136.95162031 -12.35195892
136.68512495 -12.88722340
136.30540653 -13.29122975
135.96175825 -13.32450937
136.07761682 -13.72427825
135.78383630 -14.22398935
135.42866418 -14.71543222
135.50018436 -14.99774057
136.29517460 -15.55026499
137.06536014 -15.87076222
137.58047082 -16.21508229
138.30321740 -16.80760426
138.58516402 -16.80662241
139.10854292 -17.06267913
139.26057499 -17.37160084
140.21514204 -17.71080495
140.87541182 -17.36906870
141.07111047 -16.83204721
141.27409549 -16.38887013
141.39822228 -15.84053151
141.70218306 -15.04492116
141.56338016 -14.56133310
141.63552046 -14.27039479
141.51986861 -13.69807830
141.65092004 -12.94468760
141.84269128 -12.74154754
141.68699019 -12.40761443
141.92862919 -11.87746592
142.11848840 -11.32804209
142.14370650 -11.04273650
142.51526004 -10.66818572
142.79731001 -11.15735483
142.86676314 -11.78470672
143.11594689 -11.90562957
143.15863163 -12.32565561
143.52212365 -12.83435841
143.59715783 -13.40042205
143.56181115 -13.76365569
143.92209924 -14.54831064
144.56371382 -14.17117604
144.89485640 -14.59445770
145.37472375 -14.98497650
145.27199100 -15.42820525
145.48525964 -16.28567230
145.63698164 -16.78491831
145.88885257 -16.90692636
146.16030887 -17.76165455
146.06367394 -18.28007252
146.38747847 -18.95827402
147.47108158 -19.48072275
148.17760176 -19.95593922
148.84841353 -20.39120981
148.71746545 -20.63346893
149.28942020 -21.26051076
149.67833703 -22.34251190
150.07738244 -22.12278371
150.48293908 -22.55614227
150.72726525 -22.40235320
150.89955448 -23.46223683
151.60917525 -24.07625620
152.07353967 -24.45783497
152.85519738 -25.26750132
153.13616214 -26.07117319
153.16194868 -26.64131927
153.09290897 -27.26029957
153.56946903 -28.11006683
153.51210819 -28.99507741
153.33909549 -29.45820159
153.06924116 -30.35024017
153.08955000 -30.92364186
152.89157759 -31.64044565
152.45000248 -32.55000254
151.70911747 -33.04134205
151.34397180 -33.81602345
151.01055545 -34.31036020
150.71413944 -35.17345997
150.32821984 -35.67187916
150.07521203 -36.42020558
149.94612430 -37.10905242
149.99728397 -37.42526051
149.42388228 -37.77268117
148.30462243 -37.80906137
147.38173303 -38.21921722
146.92212284 -38.60653208
146.31792199 -39.03575652
145.48965213 -38.59376800
144.87697635 -38.41744801
145.03221236 -37.89618784
144.48568241 -38.08532358
143.60997359 -38.80946543
142.74542687 -38.53826751
142.17832971 -38.38003428
141.60658166 -38.30851409
140.63857873 -38.01933278
139.99215824 -37.40293629
139.80658817 -36.64360280
139.57414758 -36.13836232
139.08280806 -35.73275400
138.12074792 -35.61229624
138.44946170 -35.12726124
138.20756433 -34.38472259
137.71917036 -35.07682505
136.82940555 -35.26053476
137.35237105 -34.70733856
137.50388635 -34.13026784
137.89011600 -33.64047861
137.81032759 -32.90000701
136.99683719 -33.75277150
136.37201745 -34.09476613
135.98904341 -34.89011810
135.20821252 -34.47867034
135.23921838 -33.94795338
134.61341678 -33.22277801
134.08590376 -32.84807220
134.27390262 -32.61723358
132.99077681 -32.01122405
132.28808068 -31.98264699
131.32633060 -31.49580332
129.53579390 -31.59042287
128.24093753 -31.94848886
127.10286747 -32.28226694
126.14871382 -32.21596608

81.78795902 7.52305532
81.63732222 6.48177521
81.21801965 6.19714142
80.34835697 5.96836986
79.87246870 6.76346345
79.69516686 8.20084341
80.14780073 9.82407766
80.83881799 9.26842683
81.30431929 8.56420624
81.78795902 7.52305532

129.37099776 -2.80215423
130.47134403 -3.09376434
130.83483605 -3.85847218
129.99054650 -3.44630096
129.15524865 -3.36263681
128.59068363 -3.42867929
127.89889123 -3.39343597
128.13587935 -2.84365040
129.37099776 -2.80215423

126.87492272 -3.79093108
126.18380212 -3.60737640
125.98903364 -3.17722177
127.00065148 -3.12931772
127.24921512 -3.45906504
126.87492272 -3.79093108

127.93237756 2.17459626
128.00415612 1.62853140
128.59455936 1.54081066
128.68824873 1.13238597
128.63595218 0.25848583
128.12016971 0.35641267
127.96803430 -0.25207733
128.37999881 -0.78000376
128.10001590 -0.89999643
127.69647464 -0.26659840
127.39949019 1.01172150
127.60051151 1.81069082
127.93237756 2.17459626

122.92756677 0.87519237
124.07752241 0.91710196
125.06598921 1.64325918
125.24050052 1.41983613
124.43703535 0.42788117
123.68550500 0.23559317
122.72308312 0.43113679
121.05672489 0.38121735
120.18308312 0.23724681
120.04086958 -0.51965789
120.93590539 -1.40890594
121.47582075 -0.95596201
123.34056481 -0.61567270
123.25839929 -1.07621307
122.82266361 -0.93095062
122.38852990 -1.51685801
121.50827355 -1.90448292
122.45457238 -3.18605844
122.27189619 -3.52950001
123.17096276 -4.68369313
123.16233280 -5.34060394
122.62851525 -5.63459116
122.23639448 -5.28293304
122.71956913 -4.46417164
121.73823368 -4.85133148
121.48946333 -4.57455250
121.61917118 -4.18847788
120.89818159 -3.60210540
120.97238895 -2.62764292
120.30545292 -2.93160369
120.39004724 -4.09757903
120.43071659 -5.52824106
119.79654341 -5.67340016
119.36690555 -5.37987802
119.65360640 -4.45941741
119.49883548 -3.49441172
119.07834435 -3.48702199
118.76776900 -2.80199920
119.18097375 -2.14710377
119.32339400 -1.35314707
119.82599898 0.15425446
120.03570194 0.56647736
120.88577925 1.30922272
121.66681685 1.01394359
122.92756677 0.87519237

120.29501428 -10.25865000
118.96780847 -9.55796925
119.90030969 -9.36134043
120.42575565 -9.66592132
120.77550174 -9.96967539
120.71560876 -10.23958139
120.29501428 -10.25865000

121.34166874 -8.53673960
122.00736454 -8.46062021
122.90353723 -8.09423431
122.75698286 -8.64980763
121.25449059 -8.93366627
119.92439090 -8.81041798
119.92092858 -8.44485890
120.71509199 -8.23696461
121.34166874 -8.53673960

118.26061649 -8.36238331
118.87845991 -8.28068288
119.12650679 -8.70582488
117.97040165 -8.90663950
117.27773075 -9.04089487
116.74014082 -9.03288502
117.08373742 -8.45715789
117.63202437 -8.44930307
117.90001835 -8.09568125
118.26061649 -8.36238331

108.48684614 -6.42198496
108.62347863 -6.77767384
110.53922733 -6.87735768
110.75957564 -6.46518646
112.61481123 -6.94603566
112.97876835 -7.59421315
114.47893517 -7.77652760
115.70552697 -8.37080657
114.56451135 -8.75181691
113.46473351 -8.34894744
112.55967248 -8.37618092
111.52206140 -8.30212859
110.58614953 -8.12260467
109.42766727 -7.74066416
108.69365523 -7.64160044
108.27776330 -7.76665740
106.45410200 -7.35489959
106.28062422 -6.92490000
105.36548628 -6.85141611
106.05164595 -5.89591888
107.26500858 -5.95498504
108.07209110 -6.34576222
108.48684614 -6.42198496

104.36999149 -1.08484303
104.53949019 -1.78237151
104.88789269 -2.34042531
105.62211144 -2.42884368
106.10859338 -3.06177663
105.85744592 -4.30552500
105.81765506 -5.85235565
104.71038415 -5.87328460
103.86821333 -5.03731496
102.58426070 -4.22025888
102.15617313 -3.61414601
101.39911340 -2.79977711
100.90250288 -2.05026214
100.14198083 -0.65034759
99.26373986 0.18314159
98.97001102 1.04288239
98.60135135 1.82350658
97.69959761 2.45318391
97.17694217 3.30879059
96.42401655 3.86885977
95.38087609 4.97078217
95.29302616 5.47982087
95.93686283 5.43951325
97.48488203 5.24632091
98.36916914 4.26837027
99.14255863 3.59034964
99.69399784 3.17432852
100.64143355 2.09938121
101.65801232 2.08369741
102.49827111 1.39870047
103.07684045 0.56136140
103.83839603 0.10454173
103.43764530 -0.71194590
104.01078861 -1.05921152
104.36999149 -1.08484303

120.83389611 12.70449616
120.32343631 13.46641348
121.18012821 13.42969737
121.52739383 13.06959016
121.26219038 12.20556021
120.83389611 12.70449616

122.58608890 9.98104483
122.83708133 10.26118277
122.94741052 10.88186839
123.49884973 10.94062450
123.33777429 10.26738394
124.07793583 11.23272553
123.98243778 10.27877859
123.62307987 9.95009064
123.30992069 9.31826874
122.99583133 9.02218863
122.38005497 9.71336091
122.58608890 9.98104483

126.37681359 8.41470633
126.47851281 7.75035411
126.53742394 7.18940644
126.19677290 6.27429434
125.83142053 7.29371532
125.36385217 6.78648530
125.68316084 6.04965689
125.39651167 5.58100332
124.21978763 6.16135550
123.93871952 6.88513561
124.24366214 7.36061046
123.61016076 7.83352733
123.29607141 7.41887564
122.82550581 7.45737458
122.08549930 6.89942414
121.91992801 7.19211945
122.31235884 8.03496206
122.94239790 8.31623688
123.48768762 8.69303559
123.84115441 8.24032420
124.60146976 8.51415762
124.76461226 8.96040945
125.47139082 8.98699698
125.41211795 9.76033478
126.22271447 9.28607433
126.30663700 8.78248749
126.37681359 8.41470633

109.47520959 18.19770091
108.65520796 18.50768199
108.62621748 19.36788789
109.11905562 19.82103852
110.21159875 20.10125397
110.78655073 20.07753449
111.01005130 19.69592988
110.57064660 19.25587922
110.33918786 18.67839509
109.47520959 18.19770091

121.77781782 24.39427359
121.17563236 22.79085725
120.74707971 21.97057140
120.22008345 22.81486095
120.10618859 23.55626272
120.69467980 24.53845083
121.49504439 25.29545889
121.95124393 24.99759593
121.77781782 24.39427359

141.88460086 39.18086457
140.95948937 38.17400096
140.97633589 37.14207429
140.59976973 36.34398347
140.77407433 35.84287710
140.25327925 35.13813976
138.97552779 34.66760000
137.21759891 34.60628592
135.79298303 33.46480520
135.12098270 33.84907115
135.07943485 34.59654491
133.34031620 34.37593822
132.15677087 33.90493338
130.98614465 33.88576142
132.00003625 33.14999238
131.33279016 31.45035452
130.68631799 31.02957917
130.20241988 31.41823762
130.44767622 32.31947460
129.81469160 32.61030956
129.40841149 33.29605581
130.35393517 33.60415070
130.87845096 34.23274282
131.88422936 34.74971385
132.61767297 35.43339305
134.60830082 35.73161774
135.67753788 35.52713410
136.72383060 37.30498424
137.39061161 36.82739065
138.85760217 37.82748465
139.42640466 38.21598806
140.05479007 39.43880748
139.88337935 40.56331249
140.30578251 41.19500519
141.36897342 41.37855988
141.91426314 39.99161612
141.88460086 39.18086457

144.61342655 43.96090872
145.32082523 44.38473298
145.54313724 43.26211416
144.05966190 42.98835826
143.18384973 41.99521475
141.61149092 42.67879060
141.06728641 41.58459382
139.95510624 41.56955598
139.81754357 42.56375886
140.31208703 43.33327261
141.38054894 43.38882477
141.67195235 44.77212535
141.96764489 45.55148347
143.14287031 44.51035838
143.91016198 44.17409984
144.61342655 43.96090872

8.70999068 40.89998444
9.21001183 41.20999136
9.80997521 40.50000886
9.66951867 39.17737641
9.21481774 39.24047333
8.80693566 38.90661774
8.42830244 39.17184703
8.38825321 40.37831086
8.15999841 40.95000723
8.70999068 40.89998444

8.74600915 42.62812185
9.39000085 43.00998485
9.56001631 42.15251781
9.22975223 41.38000682
8.77572310 41.58361197
8.54421268 42.25654247
8.74600915 42.62812185

12.37090417 56.11140738
12.69000614 55.60999095
12.08999108 54.80001455
11.04354333 55.36486380
10.90391361 55.77995474
12.37090417 56.11140738

-4.21149451 58.55084504
-3.00500485 58.63500011
-4.07382850 57.55302481
-3.05500180 57.69001903
-1.95928056 57.68479971
-2.21998817 56.87001740
-3.11900306 55.97379304
-2.08500932 55.90999848
-1.11499101 54.62498648
-0.43048499 54.46437613
0.18498132 53.32501415
0.46997684 52.92999950
1.68153080 52.73952017
1.55998783 52.09999848
1.05056156 51.80676057
1.44986535 51.28942780
0.55033369 50.76573884
-0.78751746 50.77498892
-2.48999752 50.50001862
-2.95627397 50.69687999
-3.61744809 50.22835562
-4.54250790 50.34183706
-5.24502316 49.95999990
-5.77656694 50.15967764
-4.30998979 51.21000113
-3.41485063 51.42600861
-4.98436723 51.59346609
-5.26729570 51.99140046
-4.22234656 52.30135570
-4.77001339 52.84000499
-4.57999915 53.49500377
-3.09207964 53.40444082
-2.94500851 53.98499970
-3.63000546 54.61501293
-4.84416907 54.79097118
-5.08252662 55.06160065
-4.71911211 55.50847260
-5.04798092 55.78398550
-5.58639767 55.31114615
-5.64499875 56.27501496
-6.14998084 56.78500967
-5.78682471 57.81884838
-5.00999875 58.63001333
-4.21149451 58.55084504

-14.50869544 66.45589224
-14.73963742 65.80874828
-13.60973222 65.12667105
-14.90983375 64.36408194
-17.79443804 63.67874909
-18.65624590 63.49638296
-19.97275469 63.64363496
-22.76297197 63.96017894
-21.77848426 64.40211579
-23.95504391 64.89112987
-22.18440264 65.08496817
-22.22742327 65.37859366
-24.32618405 65.61118928
-23.65051470 66.26251903
-22.13492245 66.41046866
-20.57628374 65.73211213
-19.05684160 66.27662670
-17.79862383 65.99385326
-16.16781898 66.52681814
-14.50869544 66.45589224

142.91461551 53.70457754
143.26084761 52.74076040
143.23526778 51.75666026
143.64800744 50.74760041
144.65414758 48.97639069
143.17392785 49.30655142
142.55866825 47.86157502
143.53349247 46.83672801
143.50527713 46.13790762
142.74770064 46.74076488
142.09203006 45.96675528
141.90692508 46.80592886
142.01844282 47.78013296
141.90444461 48.85918854
142.13580000 49.61516307
142.17998335 50.95234243
141.59407596 51.93543488
141.68254601 53.30196646
142.60693404 53.76214509
142.20974898 54.22547598
142.65478641 54.36588085
142.91461551 53.70457754

118.50458093 9.31638255
117.17427453 8.36749990
117.66447717 9.06688874
118.38691369 9.68449962
118.98734216 10.37629202
119.51149621 11.36966808
119.68967655 10.55429149
119.02945845 10.00365327
118.50458093 9.31638255

122.33695682 18.22488272
122.17427941 17.81028270
122.51565392 17.09350475
122.25231083 16.26244436
121.66278609 15.93101756
121.50501794 15.12481354
121.72882857 14.32837637
122.25892541 14.21820222
122.70127567 14.33654125
123.95029504 13.78213064
123.85510705 13.23777110
124.18128869 12.99752737
124.07741906 12.53667695
123.29803511 13.02752554
122.92865197 13.55291983
122.67135502 13.18583629
122.03464969 13.78448192
121.12638472 13.63668732
120.62863732 13.85765575
120.67938358 14.27101553
120.99181929 14.52539277
120.69333622 14.75667064
120.56414514 14.39627920
120.07042850 14.97086945
119.92092858 15.40634675
119.88377323 16.36370433
120.28643599 16.03462881
120.39004724 17.59908112
120.71586714 18.50522736
121.32130822 18.50406464
121.93760135 18.21855235
122.24600630 18.47897573
122.33695682 18.22488272

122.03837040 11.41584097
121.88354780 11.89175507
122.48382124 11.58221324
123.12021651 11.58366018
123.10083784 11.16593374
122.63771366 10.74130850
122.00261030 10.44101675
121.96736698 10.90569123
122.03837040 11.41584097

125.50255171 12.16269461
125.78341312 11.04614777
125.01188399 11.31145458
125.03276127 10.97581615
125.27744917 10.35872203
124.80181929 10.13467886
124.76016808 10.83799510
124.45910119 10.88992992
124.30252160 11.49537100
124.89101281 11.41558259
124.87799035 11.79418997
124.26676151 12.55776093
125.22711633 12.53572093
125.50255171 12.16269461

-77.35336077 8.67050467
-76.83667396 8.63874950
-76.08638384 9.33682058
-75.67460019 9.44324820
-75.66470415 9.77400320
-75.48042599 10.61899038
-74.90689511 11.08304475
-74.27675269 11.10203583
-74.19722266 11.31047272
-73.41476396 11.22701529
-72.62783525 11.73197154
-72.23819495 11.95554963
-71.75409014 12.43730317
-71.39982235 12.37604076
-71.13746111 12.11298188
-71.33158362 11.77628408
-71.36000566 11.53999360
-71.94704993 11.42328238
-71.62086829 10.96945995
-71.63306393 10.44649445
-72.07417396 9.86565135
-71.69564409 9.07226309
-71.26455929 9.13722036
-71.03999936 9.85999278
-71.35008379 10.21193513
-71.40062334 10.96896902
-70.15529883 11.37548168
-70.29384335 11.84682241
-69.94324459 12.16230703
-69.58430010 11.45961091
-68.88299923 11.44338451
-68.23327145 10.88574413
-68.19412655 10.55465323
-67.29624854 10.54586823
-66.22786414 10.64862682
-65.65523760 10.20079886
-64.89045224 10.07721467
-64.32947873 10.38959870
-64.31800656 10.64141795
-63.07932248 10.70172435
-61.88094601 10.71562531
-62.73011898 10.42026866
-62.38851193 9.94820445
-61.58876746 9.87306692
-60.83059669 9.38133983
-60.67125241 8.58017426
-60.15009559 8.60275686
-59.75828488 8.36703482
-59.10168413 7.99920197
-58.48296221 7.34769135
-58.45487606 6.83278738
-58.07810320 6.80909374
-57.54221859 6.32126822
-57.14743649 5.97314993
-55.94931841 5.77287792
-55.84177975 5.95312531
-55.03325029 6.02529145
-53.95804460 5.75654816
-53.61845293 5.64652904
-52.88214128 5.40985098
-51.82334286 4.56576813
-51.65779741 4.15623241
-51.29998979 4.12000723
-51.06977129 3.65039765
-50.50887529 1.90156383
-49.97407589 1.73648347
-49.94710080 1.04618968
-50.69925127 0.22298412
-50.38821082 -0.07844451
-48.62056678 -0.23548919
-48.58449663 -1.23780527
-47.82495643 -0.58161793
-46.56658362 -0.94102752
-44.90570309 -1.55173960
-44.41761919 -2.13775034
-44.58158851 -2.69130828
-43.41879127 -2.38311004
-41.47265683 -2.91201832
-39.97866533 -2.87305429
-38.50038347 -3.70065236
-37.22325212 -4.82094573
-36.45293738 -5.10940358
-35.59779578 -5.14950449
-35.23538896 -5.46493743
-34.89602983 -6.73819305
-34.72999346 -7.34322072
-35.12821204 -8.99640146
-35.63696652 -9.64928151
-37.04651872 -11.04072112
-37.68361162 -12.17119476
-38.42387651 -13.03811858
-38.67388709 -13.05765228
-38.95327572 -13.79336964
-38.88229814 -15.66705372
-39.16109250 -17.20840667
-39.26733924 -17.86774627
-39.58352149 -18.26229583
-39.76082333 -19.59911346
-40.77474077 -20.90451181
-40.94475623 -21.93731699
-41.75416419 -22.37067555
-41.98828427 -22.97007049
-43.07470374 -22.96769337
-44.64781186 -23.35195932
-45.35213579 -23.79684173
-46.47209327 -24.08896860
-47.64897234 -24.88519907
-48.49545814 -25.87702483
-48.64100481 -26.62364593
-48.47473589 -27.17591196
-48.66152035 -28.18613454
-48.88845740 -28.67411509
-49.58732947 -29.22446909
-50.69687415 -30.98446502
-51.57622616 -31.77769826
-52.25608131 -32.24536997
-52.71209998 -33.19657806
-53.37366167 -33.76837778
-53.80642595 -34.39681487
-54.93586605 -34.95264658
-55.67408973 -34.75265879
-56.21529700 -34.85983571
-57.13968502 -34.43045623
-57.81786068 -34.46254730
-58.42707414 -33.90945444
-58.49544206 -34.43148976
-57.22582964 -35.28802663
-57.36235877 -35.97739023
-56.73748735 -36.41312591
-56.78828529 -36.90157155
-57.74915687 -38.18387054
-59.23185706 -38.72016855
-61.23744524 -38.92842457
-62.33595700 -38.82770721
-62.12576311 -39.42410491
-62.33053097 -40.17258636
-62.14599443 -40.67689666
-62.74580278 -41.02876149
-63.77049476 -41.16678924
-64.73208981 -40.80267710
-65.11803524 -41.06431487
-64.97856055 -42.05800099
-64.30340797 -42.35901621
-63.75594784 -42.04368662
-63.45805905 -42.56313812
-64.37880388 -42.87355844
-65.18180396 -43.49538095
-65.32882341 -44.50136606
-65.56526893 -45.03678558
-66.50996579 -45.03962778
-67.29379391 -45.55189625
-67.58054643 -46.30177296
-66.59706641 -47.03387298
-65.64102658 -47.23613454
-65.98508826 -48.13328908
-67.16617896 -48.69733733
-67.81608761 -49.86966888
-68.72874508 -50.26416676
-69.13853919 -50.73251027
-68.81556149 -51.77110320
-68.14999488 -52.34998260
-68.57154538 -52.29944305
-69.46128435 -52.29194997
-69.94277951 -52.53792978
-70.84510169 -52.89919972
-71.00633216 -53.83325123
-71.42979468 -53.85645395
-72.55794288 -53.53140919
-73.70275672 -52.83506927
-74.94676348 -52.26275278

-77.88157142 7.22377127
-77.47666073 6.69111644
-77.31881507 5.84535411
-77.53322059 5.58281200
-77.30760128 4.66798412
-77.49627194 4.08760611
-77.12768979 3.84963614
-77.51043128 3.32501699
-77.93154253 2.69660574
-78.42761044 2.62955557
-78.66211809 2.26735545
-78.61783139 1.76640412
-78.99093523 1.69136994
-78.85525876 1.38092377
-79.54276201 0.98293773
-80.09060971 0.76842886
-80.02089820 0.36034007
-80.39932471 -0.28370330
-80.58337033 -0.90666269
-80.93365902 -1.05745452
-80.76480628 -1.96504770
-80.96776547 -2.24694264
-80.36878394 -2.68515879
-79.98655921 -2.22079437
-79.77029334 -2.65751190
-80.30256059 -3.40485646
-81.09966956 -4.03639414
-81.41094255 -4.73676483
-80.92634681 -5.69055674
-81.24999630 -6.13683441
-80.53748166 -6.54166758
-79.76057817 -7.19434092
-79.44592038 -7.93083343
-79.03695309 -8.38656788
-78.09215288 -10.37771250
-77.10619239 -12.22271616
-76.25924150 -13.53503916
-76.42346920 -13.82318694
-76.00920508 -14.64928639
-75.23788266 -15.26568288
-73.44452959 -16.35936289
-71.46204078 -17.36348764
-71.37525021 -17.77374684
-70.37257239 -18.34797536
-70.16441973 -19.75646819
-70.09124590 -21.39331919
-70.40396583 -23.62899668
-70.72495399 -25.70592417
-70.90512387 -27.64037973
-71.48989438 -28.86144215
-71.37008257 -30.09568206
-71.66872067 -30.92064463
-71.43845049 -32.41889943
-71.86173214 -33.90909271
-72.55313697 -35.50884002
-73.16671709 -37.12378021
-73.58806088 -37.15628468
-73.50555946 -38.28288258
-73.21759254 -39.25868865
-73.67709937 -39.94221282
-74.01795712 -41.79481292
-74.33194312 -43.22495818
-73.70133562 -43.36577646
-73.38889991 -42.11753224
-72.71780392 -42.38335581
-73.24035600 -44.45496063
-74.35170936 -44.10304412
-74.69215369 -45.76397633
-75.64439531 -46.64764332
-74.12658098 -46.93925343
-75.18276974 -47.71191945
-75.60801510 -48.67377288
-75.47975420 -50.37837168
-74.97663245 -51.04339568
-75.26002601 -51.62935475
-74.94676348 -52.26275278

-74.66254310 -52.83749806
-73.83809730 -53.04740773
-72.43417782 -53.71537729
-71.10772132 -54.07432179
-70.59178382 -53.61584848
-70.26748837 -52.93123911
-69.34565833 -52.51829274
-68.63412554 -52.63627003
-68.25001461 -53.10001434
-67.74999346 -53.84999440
-66.44999529 -54.45000945
-65.05000322 -54.70002003
-65.50000159 -55.19998952
-66.44999529 -55.25001230
-66.95991248 -54.89680389
-67.29102922 -55.30122365
-68.14862545 -55.61185068
-68.63999081 -55.58001800
-69.23209937 -55.49904103
-69.95807573 -55.19843922
-71.00568620 -55.05384857
-72.26390398 -54.49512298
-73.28521115 -53.95753305
-74.66254310 -52.83749806

44.84695804 80.58980988
46.79913862 80.77191763
48.31847741 80.78400991
48.52280602 80.51456900
49.09718957 80.75398591
50.03976769 80.91888540
51.52293298 80.69972565
51.13618656 80.54728018
49.79368452 80.41542776
48.89441125 80.33956676
48.75493656 80.17546825
47.58611901 80.01018118
46.50282596 80.24724681
47.07245528 80.55942414
44.84695804 80.58980988

53.50828983 73.74981395
55.90245894 74.62748648
55.63193281 75.08141226
57.86864383 75.60939037
61.17004439 76.25188345
64.49836836 76.43905549
66.21092533 76.80978221
68.15705977 76.93969676
68.85221113 76.54481131
68.18057254 76.23364167
64.63732629 75.73775463
61.58350752 75.26088451
58.47708215 74.30905630
56.98678552 73.33304352
55.41933597 72.37126761
55.62283776 71.54059479
57.53569258 70.72046398
56.94497928 70.63274323
53.67737512 70.76265778
53.41201664 71.20666169
51.60189457 71.47475902
51.45575362 72.01488109
52.47827518 72.22944164
52.44416874 72.77473135
54.42761356 73.62754751
53.50828983 73.74981395

27.40750573 80.05640575
25.92465051 79.51783397
23.02446577 79.40003754
20.07518843 79.56682323
19.89726647 79.84236197
18.46226362 79.85988028
17.36801517 80.31889619
20.45599206 80.59815563
21.90794478 80.35767935
22.91925256 80.65714427
25.44762536 80.40734040
27.40750573 80.05640575

24.72410363 77.85385285
22.49033817 77.44493724
20.72600142 77.67704194
21.41608849 77.93503653
20.81188765 78.25462942
22.88426761 78.45495311
23.28134932 78.07952383
24.72410363 77.85385285

15.14282800 79.67431021
15.52254642 80.01609813
16.99082889 80.05087637
18.25183719 79.70175039
21.54383264 78.95611115
19.02739709 78.56259512
18.47172041 77.82667105
17.59440962 77.63794872
17.11821130 76.80942048
15.91316857 76.77045645
13.76260217 77.38034170
14.66957523 77.73566885
13.17059696 78.02492768
11.22229211 78.86929475
10.44456180 79.65239940
13.17075199 80.01046540
13.71852217 79.66040925
15.14282800 79.67431021

-77.88157142 7.22377127
-78.21493608 7.51225495
-78.42916073 8.05204112
-78.18209571 8.31918244
-78.43546526 8.38770539
-78.62212053 8.71812450
-79.12030718 8.99609203
-79.55787737 8.93237499
-79.76057817 8.58451508
-80.16448117 8.33331594
-80.38265906 8.29840851
-80.48068926 8.09030752
-80.00368995 7.54752412
-80.27667070 7.41975414
-80.42115801 7.27157197
-80.88640093 7.22054149
-81.05954281 7.81792105
-81.18971575 7.64790559
-81.51951474 7.70661001
-81.72131120 8.10896271
-82.13144121 8.17539277
-82.39093441 8.29236237
-82.60549496 8.29161306
-82.82008135 8.29086376
-82.85095801 8.07382274
-82.96578305 8.22505382
-83.50843726 8.44692658
-83.71147397 8.65683625
-83.59631304 8.83044322
-83.63264157 9.05138581
-83.90988563 9.29080272
-84.30340166 9.48735403
-84.64764421 9.61553742
-84.71335080 9.90805187
-84.97566037 10.08672313
-84.91137488 9.79599152
-85.11092343 9.55703970
-85.33948829 9.83454214
-85.66078651 9.93334748
-85.79744483 10.13488557
-85.79170875 10.43933727
-85.65931373 10.75433096
-85.80051958 10.82479177
-85.94172543 10.89527843
-85.71254045 11.08844493
-86.05848833 11.40343863
-86.52584998 11.80687653
-86.74599158 12.14396190
-87.16751624 12.45825796
-87.66849342 12.90990998
-87.55746660 13.06455170
-87.39238624 12.91401826
-87.31665443 12.98468578
-87.48940874 13.29753490
-87.64125994 13.34102062
-87.79311113 13.38448050
-87.90411211 13.14901683
-88.48330156 13.16395132
-88.84322791 13.25975943
-89.25674272 13.45853282
-89.81239356 13.52062206
-90.09555457 13.73533763
-90.60862403 13.90977143
-91.23241024 13.92783234
-91.68974667 14.12621817
-92.22775001 14.53882864
-93.35946387 15.61542959
-93.87516883 15.94019013
-94.69165646 16.20097525
-95.25022702 16.12831818
-96.05338213 15.75208792
-96.55743405 15.65351512
-97.26359250 15.91706493
-98.01302995 16.10731171
-98.94767575 16.56604340
-99.69739743 16.70616405
-100.82949887 17.17107107
-101.66608863 17.64902639
-101.91852800 17.91609020
-102.47813209 17.97575064
-103.50098955 18.29229462
-103.91752743 18.74857168
-104.99200965 19.31613394
-105.49303850 19.94676728
-105.73139604 20.43410187
-105.39777300 20.53171865
-105.50066077 20.81689505
-105.27075233 21.07628490
-105.26581723 21.42210358
-105.60316098 21.87114594
-105.69341387 22.26908031
-106.02871640 22.77375235
-106.90998043 23.76780020
-107.91544878 24.54891531
-108.40190487 25.17231395
-109.26019874 25.58060944
-109.44408932 25.82488394
-109.29164385 26.44293407
-109.80145769 26.67617565
-110.39173174 27.16211498
-110.64101885 27.85987600
-111.17891883 27.94124055
-111.75960690 28.46795258
-112.22823463 28.95440868
-112.27182370 29.26684439
-112.80959449 30.02111359
-113.16381059 30.78688080
-113.14866940 31.17096589
-113.87188107 31.56760834
-114.20573666 31.52404511
-114.77645118 31.79953217
-114.93669980 31.39348461
-114.77123186 30.91361726
-114.67389930 30.16268118
-114.33097449 29.75043244
-113.58887509 29.06161144
-113.42405311 28.82617361
-113.27196937 28.75478262
-113.14003944 28.41128937
-112.96229835 28.42519033
-112.76158708 27.78021678
-112.45791053 27.52581371
-112.24495195 27.17175263
-111.61648902 26.66281729
-111.28467465 25.73258983
-110.98781938 25.29463207
-110.71000688 24.82600434
-110.65504900 24.29859467
-110.17285621 24.26554759
-109.77184709 23.81118256
-109.40910438 23.36467235
-109.43339230 23.18558767
-109.85421933 22.81827159
-110.03139197 22.82307750
-110.29507097 23.43097321
-110.94950131 24.00096426
-111.67056841 24.48442312
-112.18203590 24.73841279
-112.14898882 25.47012523
-112.30071082 26.01200430
-112.77729672 26.32195954
-113.46467078 26.76818553
-113.59672991 26.63945954
-113.84893673 26.90006379
-114.46574663 27.14209036
-115.05514218 27.72272675
-114.98225257 27.79820018
-114.57036557 27.74148530
-114.19932878 28.11500255
-114.16201840 28.56611197
-114.93184221 29.27947928
-115.51865394 29.55636160
-115.88736528 30.18079377
-116.25835039 30.83646434
-116.72152625 31.63574372
-117.12775469 32.53532705
-117.29593769 33.04622462
-117.94400000 33.62123643
-118.41060228 33.74090922
-118.51989482 34.02778158
-119.08100000 34.07800000
-119.43884064 34.34847718
-120.36778948 34.44709667
-120.62286435 34.60855968
-120.74432980 35.15687246
-121.71458065 36.16151398
-122.54747555 37.55176504
-122.51199968 37.78337881
-122.95318722 38.11369457
-123.72719683 38.95165375
-123.86517290 39.76697866
-124.39806027 40.31319855
-124.17884884 41.14203685
-124.21370460 41.99963308
-124.53284000 42.76599000
-124.14214000 43.70838000
-124.02053500 44.61589500
-123.89893000 45.52341000
-124.07963500 46.86475000
-124.39567000 47.72017000
-124.68721008 48.18443298
-124.56610107 48.37971497
-123.12000000 48.04000000
-122.58736976 47.09598867
-122.33999468 47.36000357
-122.50001075 48.18000519
-122.84000000 49.00000000
-122.97421000 49.00253778
-124.91025123 49.98457205
-125.62460039 50.41656118
-127.43560096 50.83059276
-127.99275041 51.71583588
-127.85033017 52.32962271
-129.12978695 52.75538483
-129.30522844 53.56158885
-130.51497372 54.28756521
-130.53610938 54.80275340
-131.08581743 55.17890616
-131.96721066 55.49777558
-132.25000994 56.36999624
-133.53918189 57.17888744
-134.07806373 58.12306753
-135.03821184 58.18771475
-136.62806312 58.21220938
-137.80000709 58.49999543
-139.86778785 59.53776154
-140.82527462 59.72751740
-142.57444434 60.08444652
-143.95888180 59.99918041
-145.92555762 60.45860973
-147.11437395 60.88465607
-148.22430620 60.67298941
-148.01806556 59.97832897
-148.57082252 59.91417268
-149.72785784 59.70565827
-150.60824337 59.36821117
-151.71639279 59.15582103
-151.85943315 59.74498404
-151.40971900 60.72580272
-150.34694149 61.03358755
-150.62111081 61.28445079
-151.89583920 60.72719798
-152.57832984 60.06165721
-154.01917213 59.35027945
-153.28751136 58.86472769
-154.23249244 58.14637360
-155.30749142 57.72779450
-156.30833472 57.42277436
-156.55609738 56.97998485
-158.11721656 56.46360810
-158.43332130 55.99415355
-159.60332740 55.56668610
-160.28971961 55.64358063
-161.22304766 55.36473461
-162.23776608 55.02418692
-163.06944658 54.68973705
-164.78556922 54.40417308
-164.94222633 54.57222484
-163.84833961 55.03943146
-162.87000139 55.34804312
-161.80417497 55.89498648
-160.56360470 56.00805451
-160.07055986 56.41805532
-158.68444292 57.01667512
-158.46109738 57.21694713
-157.72277035 57.57000052
-157.55027442 58.32832632
-157.04167497 58.91888459
-158.19473121 58.61580231
-158.51721798 58.78778148
-159.05860613 58.42418610
-159.71166704 58.93139029
-159.98128883 58.57254914
-160.35527117 59.07112336
-161.35500343 58.67083771
-161.96889360 58.67166454
-162.05498654 59.26695120
-161.87417070 59.63362132
-162.51805905 59.98972362
-163.81834144 59.79805573
-164.66221758 60.26748444
-165.34638770 60.50749563
-165.35083188 61.07389517
-166.12137916 61.50001903
-165.73445187 62.07499685
-164.91917864 62.63307648
-164.56250790 63.14637849
-163.75333249 63.21944896
-163.06722449 63.05945873
-162.26055539 63.54196157
-161.53444984 63.45581696
-160.77250668 63.76610810
-160.95833513 64.22279857
-161.51806841 64.40278758
-160.77777768 64.78860383
-161.39192624 64.77723501
-162.45305010 64.55944469
-162.75778602 64.33860546
-163.54639421 64.55916047
-164.96082984 64.44694510
-166.42528826 64.68667206
-166.84500424 65.08889558
-168.11056007 65.66999706
-166.70527117 66.08831778
-164.47470964 66.57666006
-163.65251177 66.57666006
-163.78860165 66.07720734
-161.67777442 66.11611970
-162.48971453 66.73556509
-163.71971697 67.11639456
-164.43099138 67.61633820
-165.39028683 68.04277212
-166.76444068 68.35887686
-166.20470740 68.88303091
-164.43081051 68.91553539
-163.16861365 69.37111481
-162.93056617 69.85806184
-161.90889726 70.33332998
-160.93479652 70.44768993
-159.03917579 70.89164216
-158.11972287 70.82472118
-156.58082455 71.35776358
-155.06779029 71.14777639
-154.34416521 70.69640860
-153.90000627 70.88998851
-152.21000607 70.82999217
-152.27000241 70.60000621
-150.73999244 70.43001659
-149.72000302 70.53001048
-147.61336158 70.21403494
-145.68999061 70.12000967
-144.92001177 69.98999177
-143.58944699 70.15251415
-142.07251116 69.85196402
-140.98598833 69.71199840
-139.12052080 69.47100536
-137.54635332 68.99000113
-136.50357459 68.89801708
-135.62574704 69.31512340
-134.41463233 69.62742992
-132.92924496 69.50534435
-131.43135190 69.94451651
-129.79470761 70.19370026
-129.10772112 69.77925528
-128.36156511 70.01285859
-128.13816789 70.48383759
-127.44712480 70.37720327
-125.75632362 69.48056550
-124.42482866 70.15840526
-124.28966895 69.39969188
-123.06108761 69.56371288
-122.68348792 69.85552969
-121.47226986 69.79778128
-119.94288001 69.37785859
-117.60268694 69.01129182
-116.22644019 68.84148306
-115.24688758 68.90592357
-113.89795183 68.39890025
-115.30489438 67.90262564
-113.49727861 67.68816844
-110.79801185 67.80609406
-109.94617754 67.98104462
-108.88019609 67.38144298
-107.79238135 67.88732941
-108.81299089 68.31164460
-108.16721636 68.65394929
-106.95000383 68.69999299
-106.15000098 68.79998688
-105.34281511 68.56121593
-104.33791521 68.01801911
-103.22116167 68.09775585
-101.45434445 67.64687897
-99.90195858 67.80562897
-98.44321042 67.78165111
-98.55860389 68.40393871
-97.66948503 68.57865672
-96.11991553 68.23940095
-96.12588416 67.29338634
-95.48943722 68.09070201
-94.68499020 68.06383027
-94.23282142 69.06901439
-95.30407386 69.68572093
-96.47131527 70.08977896
-96.39113929 71.19482779
-95.20880836 71.92051992
-93.88997413 71.76016796
-92.87817542 71.31869619
-91.51965369 70.19127147
-92.40691220 69.69998363
-90.54710324 69.49767040
-90.55149573 68.47499380
-89.21514320 69.25871857
-88.01966061 68.61508861
-88.31749773 67.87337678
-87.35016659 67.19874095
-86.30607012 67.92146170
-85.57663144 68.78456147
-85.52198361 69.88209138
-84.10080421 69.80540355
-82.62257402 69.65825491
-81.28043372 69.16203197
-81.22020484 68.66567984
-81.96437130 68.13253408
-81.25927222 67.59716625
-81.38652544 67.11078767
-83.34457130 66.41155386
-84.73541663 66.25729971
-85.76943620 66.55831493
-86.06760922 66.05625255
-87.03142636 65.21297069
-87.32324317 64.77563304
-88.48296566 64.09898184
-89.91442868 64.03273265
-90.70399289 63.61017447
-90.77003537 62.96021414
-91.93342689 62.83507966
-93.15696977 62.02468985
-94.24152890 60.89866039
-94.62930884 60.11020722
-94.68460263 58.94880524
-93.21502825 58.78212291
-92.76461646 57.84572012
-92.29702226 57.08708426
-90.89767615 57.28466909
-89.03952084 56.85172394
-88.03978858 56.47161795
-87.32419918 55.99911449
-86.07120073 55.72383413
-85.01180803 55.30261953
-83.36053931 55.24489696
-82.27285377 55.14831371
-82.43620297 54.28226838
-82.12503333 53.27703258
-81.40073646 52.15785025
-79.91289446 51.20839916
-79.14301897 51.53393484
-78.60191505 52.56206330
-79.12420875 54.14145010
-79.82956621 54.66772289
-78.22873369 55.13645397
-77.09559872 55.83741893
-76.54136898 56.53422394
-76.62319862 57.20263276
-77.30225277 58.05208995
-78.51688148 58.80457632
-77.33674679 59.85262604
-77.77271501 60.75789379
-78.10688066 62.31965892
-77.41066993 62.55054922
-75.69620093 62.27839529
-74.66820167 62.18111441
-73.83988013 62.44378571
-72.90854163 62.10507254
-71.67709225 61.52536632
-71.37369992 61.13719880
-69.59042375 61.06141531
-69.62031857 60.22123404
-69.28788408 58.95735769
-68.37455482 58.80106232
-67.64976702 58.21205435
-66.20176754 58.76731761
-65.24518511 59.87071280
-64.58352007 60.33559398
-63.80475623 59.44257355
-62.50235511 58.16709585
-61.39655697 56.96742748
-61.79865129 56.33945547
-60.46852576 55.77548473
-59.56961422 55.20407258
-57.97508623 54.94548371
-57.33321326 54.62648509
-56.93688087 53.78033519
-56.15811703 53.64747508
-55.75630693 53.27036632
-55.68339149 52.14663646
-56.40916114 51.77069042
-57.12692095 51.41970409
-58.77483070 51.06429942
-60.03310015 50.24277334
-61.72366879 50.08045767
-63.86250465 50.29098745
-65.36331743 50.29817048
-66.39904232 50.22897574
-67.23630388 49.51155183
-68.51113563 49.06837474
-69.95363156 47.74488963
-71.10456906 46.82171601
-70.25521522 46.98607290
-68.64999020 48.29999787
-66.55244381 49.13307364
-65.05625607 49.23278331
-64.17098711 48.74250316
-65.11545142 48.07086457
-64.79854570 46.99297171
-64.47218319 46.23849580
-63.17329607 45.73901724
-61.52070960 45.88376293
-60.51813514 47.00793203
-60.44860450 46.28265331
-59.80288164 45.92040152
-61.03988624 45.26524771
-63.25471229 44.67014191
-64.24656389 44.26551545
-65.36406674 43.54524934
-66.12340023 43.61868155
-66.16171831 44.46511567
-64.42549354 45.29204194
-66.02604184 45.25930492
-67.13742103 45.13750357
-66.96466000 44.80970000
-68.03252000 44.32520000
-69.06000000 43.98000000
-70.11617000 43.68405000
-70.64547563 43.09023835
-70.81489682 42.86529084
-70.82499956 42.33498729
-70.49499386 41.80499380
-70.08000627 41.78000825
-70.18498695 42.14499889
-69.88497942 41.92281607
-69.96502621 41.63717459
-70.63999793 41.47498810
-71.12038205 41.49444428
-71.85382565 41.31998465
-72.29498735 41.26998770
-72.87642473 41.22063671
-73.71000000 40.93110235
-72.24124386 41.11948009
-71.94500871 40.93000845
-73.34500078 40.63000092
-73.98199032 40.62801138
-73.95232500 40.75075000
-74.25670224 40.47349885
-73.96244000 40.42763000
-74.17838660 39.70925609
-74.90604245 38.93953563
-74.98040483 39.19639334
-75.20002967 39.24845734
-75.52804582 39.49849376
-75.31999651 38.95999950
-75.07183476 38.78203223
-75.05673000 38.40412000
-75.37746070 38.01550935
-75.94024289 37.21690176
-76.03127092 37.25658926
-75.72205000 37.93705000
-76.23287000 38.31921500
-76.35000000 39.15000000
-76.54272500 38.71761500
-76.32933000 38.08326000
-76.98999793 38.23999177
-76.30162000 37.91794500
-76.25874000 36.96640000
-75.97180000 36.89726000
-75.86805091 36.55125764
-75.72749101 35.55075023
-76.36318865 34.80854747
-77.39763500 34.51201000
-78.05496000 33.92547000
-78.55434689 33.86134431
-79.06067000 33.49395000
-79.20357000 33.15839000
-80.30132500 32.50935500
-80.86498000 32.03330000
-81.33629000 31.44049000
-81.49042091 30.72998505
-81.31371000 30.03552000
-80.97998695 29.18000214
-80.53558500 28.47213000
-80.52998857 28.03999421
-80.05653928 26.88000000
-80.08801500 26.20576500
-80.13156000 25.81677500
-80.38103000 25.20616000
-80.68000526 25.07999400
-81.17211992 25.20125275
-81.32999142 25.63998566
-81.70999407 25.86999746
-82.24001339 26.72999665
-82.70515000 27.49504000
-82.85526000 27.88624000
-82.65001421 28.54998892
-82.93000000 29.10000000
-83.70959000 29.93656000
-84.10000000 30.09000000
-85.10882000 29.63615000
-85.28784000 29.68612000
-85.77310000 30.15261000
-86.39999203 30.40000519
-87.53036231 30.27432811
-88.41782752 30.38491568
-89.18049000 30.31598000
-89.59383118 30.15999400
-89.41373500 29.89419000
-89.43000000 29.48864000
-89.21767000 29.29108000
-89.40823000 29.15961000
-89.77928000 29.30714000
-90.15463000 29.11743000
-90.88022500 29.14853500
-91.62678500 29.67700000
-92.49906000 29.55230000
-93.22637000 29.78375000
-93.84842000 29.71363000
-94.69000281 29.48000967
-95.60025733 28.73863373
-96.59404680 28.30747142
-97.14000831 27.83000703
-97.36999427 27.38000865
-97.37999366 26.68999909
-97.32999671 26.21000255
-97.14000831 25.86999746
-97.52807248 24.99214407
-97.70294552 24.27234304
-97.77604184 22.93257986
-97.87236671 22.44421174
-97.69904395 21.89868948
-97.38895952 21.41101899
-97.18933346 20.63543325
-96.52557553 19.89093089
-96.29212724 19.32039724
-95.90088498 18.82802420
-94.83906348 18.56271739
-94.42572954 18.14437084
-93.54865129 18.42383698
-92.78611386 18.52483857
-92.03734819 18.70459504
-91.40790341 18.87608328
-90.77186988 19.28412039
-90.53358985 19.86741812
-90.45147600 20.70752188
-90.27861833 20.99985545
-89.60132117 21.26172578
-88.54386634 21.49367544
-87.65841651 21.45884553
-87.05189022 21.54354320
-86.81198239 21.33151480
-86.84590797 20.84986461
-87.38329119 20.25540477
-87.62105445 19.64655305
-87.43675045 19.47240347
-87.58656043 19.04013011
-87.83719113 18.25981599
-88.09066403 18.51664785
-88.30003109 18.49998220
-88.29633623 18.35327281
-88.10681291 18.34867361
-88.12347856 18.07667471
-88.28535499 17.64414297
-88.19786679 17.48947541
-88.30264075 17.13169363
-88.23951799 17.03606639
-88.35542823 16.53077424
-88.55182451 16.26546743
-88.73243364 16.23366059
-88.93061276 15.88727346
-88.60458615 15.70638011
-88.51836402 15.85538911
-88.18998613 15.71999685
-88.12115312 15.68865510
-87.90181251 15.86445832
-87.61568010 15.87879853
-87.52292091 15.79727896
-87.36776242 15.84694001
-86.90319129 15.75671296
-86.44094560 15.78283539
-86.11923397 15.89344880
-86.00195431 16.00540579
-85.68331743 15.95365184
-85.44400387 15.88574901
-85.18244361 15.90915843
-84.98372189 15.99592316
-84.52697974 15.85722362
-84.36825558 15.83515778
-84.06305457 15.64824413
-83.77397661 15.42407176
-83.41038123 15.27090282
-83.14721900 14.99582917
-83.23323442 14.89986603
-83.28416155 14.67662385
-83.18212643 14.31070303
-83.41249997 13.97007783
-83.51983192 13.56769929
-83.55220720 13.12705435
-83.49851539 12.86929230
-83.47332313 12.41908723
-83.62610450 12.32085033
-83.71961300 11.89312450
-83.65085751 11.62903209
-83.85547034 11.37331127
-83.80893572 11.10304352
-83.65561174 10.93876415
-83.59000851 10.78500092
-83.40231971 10.39543814
-83.01567664 9.99298208
-82.54619626 9.56616059

-82.54619626 9.56616059
-82.18712257 9.20744864
-82.20758643 8.99557526
-81.80856686 8.95061677
-81.71415402 9.03195547
-81.43928708 8.78623404
-80.94730160 8.85850353
-80.52190121 9.11107209
-79.91459978 9.31276520
-79.57330278 9.61161001
-79.02119178 9.55293142
-79.05845049 9.45456533
-78.50088762 9.42045889
-78.05592770 9.24773041
-77.72951352 8.94684439
-77.35336077 8.67050467

-71.71236142 19.71445588
-71.58730445 19.88491059
-71.38000444 19.90498688
-70.80670610 19.88028555
-70.21436500 19.62288524
-69.95081519 19.64799999
-69.76925005 19.29326712
-69.22212582 19.31321422
-69.25434608 19.01519623
-68.80941199 18.97910025
-68.31794328 18.61219758
-68.68931597 18.20514232
-69.16494585 18.42264842
-69.62398760 18.38071300
-69.95293393 18.42830699
-70.13323300 18.24591503
-70.51713721 18.18429088
-70.66929847 18.42688589
-70.99995012 18.28332876
-71.40020993 17.59856436
-71.65766191 17.75757274
-71.70830482 18.04499706
-72.37247616 18.21496084
-72.84441118 18.14561107
-73.45455482 18.21790640
-73.92243323 18.03099274
-74.45803362 18.34254995
-74.36992530 18.66490754
-73.44954220 18.52605296
-72.69493710 18.44579947
-72.33488156 18.66842154
-72.79164954 19.10162507
-72.78410478 19.48359142
-73.41502235 19.63955089
-73.18979062 19.91568391
-72.57967282 19.87150056
-71.71236142 19.71445588

14.76124922 38.14387360
15.52032433 38.23118094
15.16024295 37.44404552
15.30989790 37.13421947
15.09998823 36.61998729
14.33522871 36.99663097
13.82673262 37.10453136
12.43100386 37.61294994
12.57094364 38.12638113
13.74115645 38.03496552
14.76124922 38.14387360

37.53913537 44.65722281
38.67999597 44.27998485
39.95500858 43.43499767

132.37117639 33.46364248
132.92437259 34.06029857
133.49296838 33.94462088
133.90410607 34.36493114
134.63842818 34.14923371
134.76637902 33.80633474
134.20341597 33.20117788
133.79295007 33.52198518
133.28026818 33.28957042
133.01485803 32.70456737
132.36311486 32.98938203
132.37117639 33.46364248

-16.25688331 19.09671581
-16.37765113 19.59381725
-16.27783810 20.09252066
-16.53632361 20.56786632
-17.06342322 20.99975210
-17.02042843 21.42231029
-16.97324785 21.88574453
-16.58913693 22.15823436
-16.26192176 22.67933950
-16.32641395 23.01776846
-15.98261064 23.72335847
-15.42600379 24.35913361
-15.08933183 24.52026073
-14.82464515 25.10353262
-14.80092567 25.63626496
-14.43993995 26.25441844
-13.77380490 26.61889232
-13.13994178 27.64014781
-12.61883664 28.03818553
-11.68891924 28.14864391
-10.90095700 28.83214224
-10.39959225 29.09858592
-9.56481116 29.93357372
-9.81471839 31.17773550
-9.43479326 32.03809642
-9.30069292 32.56467927
-8.65747637 33.24024527
-7.65417843 33.69706493
-6.91254411 34.11047639
-6.24434201 35.14586538
-5.92999427 35.75998810
-5.19386349 35.75518220
-4.59100623 35.33071198
-3.64005653 35.39985505
-2.60430579 35.17909333
-2.16991370 35.16839631
-1.20860287 35.71484874
-0.12745439 35.88866242
0.50387658 36.30127289
1.46691857 36.60564708
3.16169885 36.78390493
4.81575809 36.86503693
5.32012007 36.71651887
6.26181970 37.11065502
7.33038496 37.11838064
7.73707848 36.88570751
8.42096439 36.94642731
9.50999352 37.34999441
10.21000248 37.23000174
10.18065026 36.72403779
11.02886722 37.09210318
11.10002567 36.89999604
10.60000451 36.41000011
10.59328657 35.94744436
10.93951867 35.69898408
10.80784712 34.83350719
10.14959273 34.33077302
10.33965864 33.78574169
10.85683638 33.76874014
11.10850060 33.29334280
11.48878747 33.13699575
12.66334110 32.79277904
13.08326379 32.87882030
13.91866499 32.71195710
15.24561242 32.26508515
15.71395593 31.37625052
16.61162723 31.18217967
18.02110192 30.76357473
19.08641157 30.26639578
19.57403039 30.52581147
20.05338098 30.98575755
19.82032027 31.75178315
20.13399621 32.23818757
20.85452070 32.70678946
21.54300581 32.84321524
22.89579146 32.63857657
23.23680423 32.19149791
23.60913293 32.18726044
23.92751143 32.01667654
24.92114587 31.89934520
25.16480025 31.56915864
26.49531335 31.58566926
27.45763187 31.32126679
28.45049116 31.02575511
28.91351200 30.87005402
29.68343916 31.18685639
30.09504195 31.47340221
30.97695194 31.55585196
31.68796797 31.42960643
31.96040612 30.93361603
32.19248498 31.26034028
32.99393477 31.02407563
33.77337040 30.96746410
34.26543338 31.21936087
34.55637170 31.54882396
34.48810713 31.60553885
34.75258711 32.07292634
34.95541711 32.82737641
35.09845747 33.08053925
35.12605269 33.09090038
35.48220666 33.90545014
35.97959232 34.61005830
35.99840254 34.64491405
35.90502323 35.41000947
36.14976281 35.82153474
35.78208500 36.27499543
36.16082157 36.65060558
35.55093631 36.56544282
34.71455326 36.79553213
34.02689497 36.21996003
32.50915816 36.10756379
31.69959517 36.64427521
30.62162479 36.67786490
30.39109623 36.26298066
29.69997562 36.14435741
28.73290287 36.67683137
27.64118656 36.65882213
27.04876794 37.65336091
26.31821821 38.20813325
26.80470015 38.98576020
26.17078535 39.46361217
27.28001997 40.42001374
28.81997765 40.46001130
29.24000370 41.21999075
31.14593387 41.08762157
32.34797936 41.73626415
33.51328291 42.01896007
35.16770389 42.04022492
36.91312707 41.33535838
38.34766483 40.94858613
39.51260664 41.10276276
40.37343265 41.01367259
41.55408410 41.53565624
41.70317061 41.96294282
41.45347009 42.64512340
40.87546919 43.01362804
40.32139448 43.12863394
39.95500858 43.43499767
38.67999597 44.27998485
37.53913537 44.65722281
36.67546716 45.24468049
37.40317468 45.40451569
38.23294315 46.24087291
37.67370080 46.63658519
39.14766768 47.04472565
39.12120934 47.26336864
38.22353804 47.10218985
37.42513716 47.02222057
36.75985477 46.69870026
35.82368452 46.64596446
34.96234175 46.27319652
35.02078779 45.65121898
35.51000858 45.40999339
36.52999800 45.46998973
36.33471276 45.11321564
35.23999922 44.93999624
33.88251102 44.36147858
33.32642093 44.56487702
33.54692427 45.03477082
32.45417443 45.32746613
32.63080448 45.51918570
33.58816206 45.85156851
33.29856734 46.08059846
31.74414025 46.33334789
31.67530724 46.70624502
30.74874881 46.58310008
30.37760868 46.03241018
29.60328902 45.29330801
29.62654341 45.03539094
29.14161177 44.82021027
28.83785770 44.91387381
28.55808150 43.70746166
28.03909509 43.29317170
27.67389774 42.57789236
27.99672041 42.00735871
28.11552453 41.62288605
28.98844282 41.29993419
28.80643843 41.05496206
27.61901737 40.99982331
27.19237674 40.69056570
26.35800907 40.15199392
26.04335127 40.61775361
26.05694217 40.82412344
25.44767704 40.85254548
24.92584842 40.94706167
23.71481123 40.68712922
24.40799889 40.12499299
23.89996789 39.96200552
23.34299930 39.96099783
22.81398766 40.47600515
22.62629886 40.25656118
22.84974776 39.65931082
23.35002730 39.19001130
22.97309940 38.97090323
23.53001631 38.51000113
24.02502486 38.21999299
24.04001102 37.65501455
23.11500288 37.92001130
23.40997196 37.40999075
22.77497196 37.30501008
23.15422529 36.42250580
22.49002811 36.41000011
21.67002648 36.84498648
21.29501061 37.64498933
21.12003421 38.31032339
20.73003218 38.76998526
20.21771203 39.34023469
20.15001590 39.62499767
19.98000044 39.69499339
19.96000166 39.91500581
19.40608198 40.25077342
19.31905887 40.72723013
19.40354984 41.40956574
19.54002730 41.71998607
19.37176883 41.87754751
19.16247928 41.95501048
18.88213464 42.28150218
18.45001631 42.47999136
17.50997033 42.84999462
16.93000573 43.20999848
16.01538456 43.50721548
15.17445397 44.24319123
15.37625044 44.31791535
14.92030928 44.73848400
14.90160241 45.07606029
14.25874759 45.23377676
13.95225467 44.80212352
13.65697554 45.13693513
13.67940311 45.48414907
13.71505985 45.50032380
13.93763024 45.59101594
13.14160648 45.73669180
12.32858117 45.38177806
12.38387495 44.88537425
12.26145348 44.60048208
12.58923709 44.09136587
13.52690596 43.58772736
14.02982100 42.76100780
15.14256961 41.95513968
15.92619103 41.96131501
16.16989709 41.74029491
15.88934574 41.54108226
16.78500166 41.17960562
17.51916874 40.87714346
18.37668745 40.35562490
18.48024702 40.16886628
18.29338504 39.81077444
17.73838016 40.27767101
16.86959598 40.44223461
16.44874312 39.79540070
17.17148970 39.42469982
17.05284061 38.90287120
16.63508833 38.84357250
16.10096073 37.98589875
15.68408695 37.90884919
15.68796268 38.21459280
15.89198124 38.75094249
16.10933231 38.96454702
15.71881351 39.54407237
15.41361250 40.04835684
14.99849572 40.17294872
14.70326826 40.60455028
14.06067183 40.78634797
13.62798506 41.18828726
12.88808190 41.25308950
12.10668257 41.70453482
11.19190637 42.35542532
10.51194787 42.93146251
10.20002892 43.92000682
9.70248823 44.03627879
8.88894616 44.36633617
8.42856083 44.23122814
7.85076664 43.76714794
7.43518477 43.69384492
6.52924523 43.12889232
4.55696252 43.39965099
3.10041060 43.07520051
2.98599898 42.47301504
3.03948408 41.89212027
2.09184167 41.22608857
0.81052453 41.01473196
0.72133101 40.67831839
0.10669152 40.12393362
-0.27871131 39.30997814
0.11129072 38.73851431
-0.46712358 38.29236583
-0.68338945 37.64235383
-1.43838213 37.44306367
-2.14645260 36.67414419
-3.41578081 36.65889964
-4.36890093 36.67783906
-4.99521929 36.32470816
-5.37715980 35.94685008
-5.86643226 36.02981660
-6.23669389 36.36767711
-6.52019080 36.94291332
-7.45372555 37.09778758
-7.85561317 36.83826854
-8.38281613 36.97888011
-8.89885698 36.86880931
-8.74610145 37.65134553
-8.83999752 38.26624339
-9.28746375 38.35848583
-9.52657060 38.73742910
-9.44698890 39.39206615
-9.04830522 39.75509309
-8.97735348 40.15930614
-8.76868405 40.76063894
-8.79085324 41.18433401
-8.99078935 41.54345938
-9.03481767 41.88057058
-8.98443315 42.59277517
-9.39288367 43.02662466
-7.97818966 43.74833771
-6.75449175 43.56790945
-5.41188636 43.57423981
-4.34784278 43.40344921
-3.51753170 43.45590078
-1.90135128 43.42280203
-1.38422523 44.02261038
-1.19379757 46.01491771
-2.22572425 47.06436270
-2.96327613 47.57032665
-4.49155494 47.95495433
-4.59234982 48.68416047
-3.29581397 48.90169241
-1.61651079 48.64442129
-1.93349403 49.77634186
-0.98946896 49.34737580
1.33876102 50.12717316
1.63900109 50.94660635
2.51357303 51.14850617
3.31497114 51.34578095
3.83028853 51.62054454
4.70599735 53.09179841
6.07418257 53.51040335
6.90513960 53.48216218
7.10042484 53.69393220
7.93623945 53.74829580
8.12170617 53.52779247
8.80073449 54.02078563
8.57211795 54.39564647
8.52622928 54.96274364
8.12031091 55.51772268
8.08997684 56.54001171
8.25658166 56.80996939
8.54343753 57.11000275
9.42446903 57.17206615
9.77555871 57.44794078
10.58000573 57.73001659
10.54610599 57.21573273
10.25000003 56.89001618
10.36999271 56.60998159
10.91218184 56.45862132
10.66780399 56.08138337
10.36999271 56.19000723
9.64998498 55.46999950
9.92190637 54.98310415
9.93957971 54.59664195
10.95011234 54.36360708
10.93946699 54.00869335
11.95625248 54.19648550
12.51844038 54.47037059
13.64746708 54.07551097
14.11968631 53.75702912
14.80290042 54.05070629
16.36347700 54.51315868
17.62283166 54.85153596
18.62085860 54.68260570
18.69625451 54.43871878
19.66064009 54.42608389
19.88848148 54.86616039
21.26844893 55.19048168
21.05580041 56.03107636
21.09042362 56.78387279
21.58186649 57.41187063
22.52434126 57.75337434
23.31845300 57.00623648
24.12072961 57.02569265
24.31286258 57.79342357
24.42892785 58.38341340
24.06119836 58.25737458
23.42656009 58.61275340
23.33979536 59.18724030
24.60421431 59.46585379
25.86418908 59.61109040
26.94913578 59.44580333
27.98111413 59.47538809
29.11768558 60.02806753
28.06999759 60.50351655
26.25517297 60.42396068
24.49662398 60.05731639
22.86969486 59.84637320
22.29076379 60.39192129
21.32224409 60.72016999
21.54486616 61.70532949
21.05921105 62.60739330
21.53602949 63.18973501
22.44274417 63.81781037
24.73051151 64.90234366
25.39806766 65.11142650
25.29404300 65.53434642
23.90337853 66.00692740
22.18317346 65.72374055
21.21351688 65.02600536
21.36963138 64.41358796
19.77887577 63.60955435
17.84777917 62.74940013
17.11955488 61.34116568
17.83134606 60.63658336
18.78772180 60.08191437
17.86922489 58.95376618
16.82918501 58.71982697
16.44770959 57.04111807
15.87978560 56.10430187
14.66668135 56.20088512
14.10072106 55.40778107
12.94291060 55.36173737
12.62510054 56.30708019
11.78794234 57.44181713
11.02736861 58.85614940
10.35655684 59.46980703
8.38200036 58.31328848
7.04874841 58.07888418
5.66583540 58.58815542
5.30823449 59.66323192
4.99207808 61.97099803
5.91290042 62.61447297
8.55341109 63.45400829
10.52770918 64.48603832
12.35834680 65.87972586
14.76114587 67.81064159
16.43592736 68.56320547
19.18402835 69.81744416
21.37841638 70.25516938
23.02374230 70.20207185
24.54654341 71.03049673
26.37004968 70.98626171
28.16554732 71.18547435
31.29341841 70.45378775
30.00543501 70.18625886
31.10107873 69.55808015
32.13274702 69.90596589
33.77548913 69.30140331
36.51397831 69.06343334
40.29235233 67.93239126
41.05985070 67.45712311
41.12594486 66.79158234
40.01583000 66.26618000
38.38295983 65.99953767
33.91868452 66.75959463
33.18446577 66.63252228
34.81477000 65.90015000
34.87857425 65.43621288
34.94391000 64.41437000
36.23129000 64.10945000
37.01273000 63.84983000
37.14197000 64.33471000
36.53957904 64.76446000
37.17604000 65.14322000
39.59345000 64.52079000
40.43560000 64.76446000
39.76260000 65.49682000
42.09309000 66.47623000
43.01604000 66.41858000
43.94975000 66.06908000
44.53224857 66.75633902
43.69839766 67.35242666
44.17478966 67.96161428
43.45283125 68.57080191
46.25002486 68.24999462
46.82134000 67.68997000
45.55517000 67.56652000
45.56200484 67.01004446
46.34915000 66.66767000
47.89416000 66.88455000
48.13876000 67.52238000
53.71743000 68.85738000
54.47171000 68.80815000
53.48582000 68.20131000
54.75301464 68.08684648
55.44268000 68.43866000
57.31702000 68.46628000
58.80200000 68.88082000
59.94142000 68.27844000
61.07784000 68.94069000
60.03000000 69.52000000
60.55003055 69.85000031
63.50401045 69.54738312
64.88811500 69.23483500
68.51216000 68.09233000
69.18068000 68.61563000
68.16444000 69.14436000
68.13522000 69.35649000
66.93008000 69.45461000
67.25976000 69.92873000
66.72492000 70.70889000
66.69466000 71.02897000
68.54006000 71.93450000
69.19636000 72.84336000
69.94000000 73.04000000
72.58754000 72.77629000
72.79603000 72.22006000
71.84811000 71.40898000
72.47011000 71.09019000
72.79188000 70.39114000
72.56469771 69.02085196
73.66787000 68.40790000
73.23870000 67.74040000
71.28000000 66.32000000
72.42301000 66.17267000
72.82077000 66.53267000
73.92099000 66.78946000
74.18651000 67.28429000
75.05200000 67.76047000
74.46926000 68.32899000
74.93584000 68.98918000
73.84236000 69.07146000
73.60187000 69.62763000
74.39980000 70.63175000
73.10110000 71.44717000
74.89082000 72.12119000
74.65926000 72.83227000
75.15801000 72.85497000
75.68351000 72.30056000
75.28898000 71.33556000
76.35911000 71.15287000
75.90313000 71.87401000
77.57663985 72.26716543
79.65201704 72.32010794
81.50001794 71.74998770
80.61071821 72.58285676
80.51108605 73.64821809
82.24999800 73.85001455
84.65522586 73.80590872
86.82232873 73.93688264
86.00956180 74.45966726
87.16680383 75.11644888
88.31567427 75.14394074
90.25994836 75.63998282
92.90061405 75.77333385
93.23423710 76.04719310
95.86001997 76.14000397
96.67821293 75.91546988
98.92257206 76.44688447
100.75966922 76.43027049
101.03531131 76.86187206
101.99080855 77.28753083
104.35159468 77.69791922
106.06663211 77.37388215
104.70500980 77.12738557
106.97014286 76.97419078
107.23999719 76.47998322
108.15373986 76.72335338
111.07726000 76.71000000
113.33151000 76.22224000
114.13417000 75.84764000
113.88539000 75.32779000
112.77919396 75.03185456
110.15125000 74.47673000
109.40000000 74.18000000
110.64000000 74.04000000
112.11919000 73.78774000
113.01954000 73.97693000
113.52958000 73.33505000
113.96881000 73.59488000
115.56782000 73.75285000
118.77633000 73.58772000
119.02000000 73.12000000
123.20067671 72.97120515
123.25777000 73.73503000
125.38000000 73.56000000
126.97644000 73.56549000
128.59126000 73.03871000
129.05157000 72.39872000
128.46000000 71.98000000
129.71599000 71.19304000
131.28855513 70.78699738
132.25350000 71.83630000
133.85766000 71.38642000
135.56193000 71.65525000
137.49755000 71.34763000
138.23409000 71.62803000
139.86983000 71.48783000
139.14791000 72.41619000
140.46817000 72.84941000
149.50000166 72.19998607
150.35116418 71.60643057
152.96888553 70.84221365
157.00688000 71.03141000
158.99779000 70.86672000
159.83031000 70.45324000
159.70866000 69.72198000
160.94053000 69.43728000
162.27907000 69.64204000
164.05248000 69.66823000
165.94037000 69.47199000
167.86295236 69.56876832
169.57763000 68.69380000
170.81688000 69.01363000
170.00820000 69.65276000
170.45345000 70.09703000
173.64391000 69.81743000
175.72403000 69.87725000
178.59998254 69.40000194

178.70720000 64.53493000
177.41128000 64.60821000
178.31300000 64.07593000
178.90825000 63.25197000
179.37034000 62.98262000
179.48636000 62.56894000
179.22826460 62.30410432
177.36430000 62.52190000
174.56929000 61.76915000
173.68013000 61.65261000
172.15000000 60.95000000
170.69850000 60.33618000
170.33085000 59.88177000
168.90041955 60.57356395
166.29498000 59.78855000
165.84000000 60.16000000
164.87674000 59.73160000
163.53929976 59.86869741
163.21711000 59.21101000
162.01733000 58.24328000
162.05297000 57.83912000
163.19191000 57.61503000
163.05793379 56.15923391
162.12634451 56.11586813
161.70146000 55.28568000
162.11749000 54.85514000
160.36874393 54.34433177
160.02173000 53.20257000
158.53094000 52.95868000
158.23118000 51.94269000
156.78979000 51.01105000
156.42000000 51.70000000
155.99185347 53.15895193
155.43364465 55.38101268
155.91442000 56.76792000
156.75816328 57.36471589
156.81035648 57.83202587
158.36433000 58.05575000
160.15066939 59.31477774
161.87204000 60.34300000
163.66967940 61.14089366
164.47355798 62.55060090
163.25838667 62.46626496
162.65790653 61.64249095
160.12148000 60.54423000
159.30232000 61.77396000
156.72068000 61.43442000
154.21806000 59.75818000
155.04375000 59.14495000
152.81185000 58.88385000
151.26573000 58.78089000
151.33815000 59.50396000
149.78371000 59.65573000
148.54481000 59.16448000
145.48722000 59.33637000
142.19782000 59.03998000
138.95847456 57.08804027
135.12619000 54.72959000
136.70171000 54.60355000
137.19342000 53.97732000
138.16472456 53.75501374
138.80463000 54.25455000
139.90151778 54.18966421
141.34531000 53.08957000
141.37920536 52.23877554
140.59742000 51.23967000
140.51308000 50.04553000
140.06197310 48.44670726
138.55472660 46.99966380
138.21970829 46.30794892
136.86237512 45.14349803
135.51537723 43.98899486
134.86942183 43.39820405
133.53689335 42.81146983
132.90623417 42.79849905
132.27805545 43.28454173
130.93586348 42.55275178
130.78000736 42.22000723
130.40003055 42.28000357
129.96594852 41.94136791
129.66736210 41.60110444
129.70518924 40.88282787
129.18811486 40.66180777
129.01039961 40.48543610
128.63336836 40.18984691
127.96741418 40.02541250
127.53343550 39.75685008
127.50211958 39.32393077
127.38543420 39.21347240
127.78334273 39.05089834
128.34971642 38.61224295
129.21291955 37.43239248
129.46044966 36.78418915
129.46830448 35.63214061
129.09137658 35.08248424
128.18585046 34.89037710
127.38651940 34.47567373
126.48574751 34.39004588
126.37391971 34.93456045
126.55923140 35.68454051
126.11739790 36.72548473
126.86014326 36.89392406
126.17475874 37.74968578
125.68910363 37.94001008
125.56843916 37.75208873
125.27533044 37.66907054
125.24008711 37.85722443
124.98103316 37.94882091
124.71216068 38.10834606
124.98599409 38.54847423
125.22194868 38.66585725
125.13285851 38.84855927
125.38658980 39.38795787
125.32111576 39.55138459
124.73748213 39.66034435
124.26562463 39.92849335
122.86757043 39.63778758
122.13138797 39.17045177
121.05455448 38.89747101
121.58599491 39.36085358
121.37675703 39.75026134
122.16859501 40.42244253
121.64035851 40.94638988
120.76862878 40.59338817
119.63960209 39.89805594
119.02346398 39.25233308
118.04274865 39.20427399
117.53270226 38.73763581
118.05969852 38.06147553
118.87814986 37.89732534
118.91163618 37.44846385
119.70280236 37.15638866
120.82345747 37.87042776
121.71125858 37.48112336
122.35793745 37.45448416
122.51999474 36.93061433
121.10416385 36.65132905
120.63700891 36.11143952
119.66456180 35.60979055
119.15120812 34.90985912
120.22752486 34.36033194
120.62036909 33.37672272
121.22901411 32.46031871
121.90814579 31.69217438
121.89191939 30.94935151
121.26425744 30.67626740
121.50351932 30.14291494
122.09211389 29.83252045
121.93842818 29.01802237
121.68443851 28.22551260
121.12566125 28.13567312
120.39547326 27.05320690
119.58549686 25.74078054
118.65687137 24.54739086
117.28160648 23.62450145
115.89073530 22.78287324
114.76382735 22.66807404
114.15254683 22.22376008
113.80677982 22.54833975
113.24107792 22.05136750
111.84359216 21.55049368
110.78546553 21.39714387
110.50935835 20.56541169
110.44403934 20.34103262
109.88986128 20.28245738
109.62765506 21.00822704
109.86448815 21.39505097
108.52281294 21.71521231
108.05018029 21.55237987
106.71506799 20.69685069
105.88168216 19.75205048
105.66200565 19.05816519
106.42681685 18.00412100
107.36195357 16.69745657
108.26949507 16.07974234
108.87710656 15.27669058
109.33526981 13.42602835
109.20013594 11.66685924
108.36613000 11.00832062
107.22092858 10.36448395
106.40511275 9.53083975
105.15826379 8.59975963
104.79518517 9.24103832
105.07620161 9.91849051
104.33433475 10.48654369
103.49727990 10.63255545
103.09068973 11.15366059
102.58493249 12.18659496
101.68715783 12.64574006
100.83180952 12.62708487
100.97846724 13.41272167
100.09779748 13.40685639
100.01873254 12.30700104
99.47892053 10.84636669
99.15377241 9.96306143
99.22239872 9.23925548
99.87383182 9.20786205
100.27964684 8.29515290
100.45927412 7.42957266
101.01732792 6.85686860
101.62307905 6.74062246
102.14118696 6.22163605
102.37114709 6.12820506
102.96170536 5.52449514
103.38121463 4.85500113
103.43857547 4.18160554
103.33212202 3.72669790
103.42942875 3.38286876
103.50244754 2.79101858
103.85467411 2.51545401
104.24793176 1.63114106
104.22881148 1.29304800
103.51970747 1.22633373
102.57361535 1.96711538
101.39063846 2.76081371
101.27353967 3.27029165
100.69543542 3.93913972
100.55740767 4.76728038
100.19670617 5.31249258
100.30626021 6.04056184
100.08575687 6.46448945
99.69069055 6.84821280
99.51964155 7.34345388
98.98825280 7.90799307
98.50378625 8.38230520
98.33966190 7.79451162
98.15000939 8.35000743
98.25915002 8.97392284
98.55355065 9.93295991
98.45717411 10.67526602
98.76454553 11.44129161
98.42833866 12.03298676
98.50957401 13.12237763
98.10360396 13.64045970
97.77773238 14.83728587
97.59707157 16.10056794
97.16453983 16.92873444
96.50576867 16.42724051
95.36935225 15.71438996
94.80840458 15.80345429
94.18880415 16.03793610
94.53348596 17.27724030
94.32481652 18.21351390
93.54098840 19.36649262
93.66325484 19.72696157
93.07827762 19.85514497
92.36855350 20.67088329
92.08288618 21.19219514
92.02521529 21.70156973
91.83489099 22.18293570
91.41708703 22.76501903
90.49600630 22.80501659
90.58695682 22.39279369
90.27297082 21.83636770
89.84746708 22.03914602
89.70204960 21.85711579
89.41886275 21.96617890
89.03196130 22.05570832
88.88876590 21.69058849
88.20849735 21.70317170
86.97570438 21.49556163
87.03316857 20.74330781
86.49935103 20.15163850
85.06026574 19.47857880
83.94100589 18.30200979
83.18921716 17.67122142
82.19279219 17.01663605
82.19124190 16.55666413
81.69271935 16.31021922
80.79199914 15.95197236
80.32489587 15.89918488
80.02506921 15.13641490
80.23327355 13.83577078
80.28629357 13.00626069
79.86254683 12.05621532
79.85799930 10.35727509
79.34051151 10.30885427
78.88534549 9.54613597
79.18971968 9.21654369
78.27794071 8.93304678
77.94116540 8.25295909
77.53989790 7.96553478
76.59297896 8.89927623
76.13006148 10.29963003
75.74646732 11.30825064
75.39610111 11.78124502
74.86481571 12.74193574
74.61671716 13.99258291
74.44385949 14.61722179
73.53419925 15.99065217
73.11990930 17.92857005
72.82090946 19.20823355
72.82447513 20.41950328
72.63053348 21.35600943
71.17527347 20.75744131
70.47045861 20.87733063
69.16413008 22.08929800
69.64492761 22.45077464
69.34959680 22.84317963
68.17664514 23.69196503
67.44366662 23.94484365
67.14544193 24.66361115
66.37282759 25.42514090
64.53040775 25.23703868
62.90570072 25.21840933
61.49736291 25.07823701
59.61613407 25.38015656
58.52576135 25.60996166
57.39725142 25.73990205
56.97076582 26.96610627
56.49213871 27.14330476
55.72371016 26.96463349
54.71508955 26.48065786
53.49309696 26.81236888
52.48359785 27.58084911
51.52076257 27.86568960
50.85294803 28.81452058
50.11500858 30.14777253
49.57685021 29.98571524
48.94133345 30.31709036
48.56797123 29.92677827
47.97451908 29.97581920
48.18318851 29.53447663
48.09394331 29.30629934
48.41609419 28.55200430
48.80759484 27.68962800
49.29955448 27.46121817
49.47091353 27.10999929
50.15242232 26.68966319
50.21293542 26.27702688
50.11330326 25.94397228
50.23985884 25.60804963
50.52738651 25.32780834
50.66055668 24.99989553
50.81010827 24.75474254
50.74391076 25.48242422
51.01335168 26.00699169
51.28646162 26.11458202
51.58907881 25.80111278
51.60670047 25.21567048
51.38960778 24.62738597
51.57951867 24.24549714
51.75744063 24.29407298
51.79438928 24.01982616
52.57708052 24.17743928
53.40400679 24.15131684
54.00800093 24.12175792
54.69302372 24.79789236
55.43902469 25.43914521
56.07082075 26.05546418
56.36201745 26.39593435
56.48567915 26.30911795
56.39142134 25.89599071
56.26104170 25.71460643
56.39684737 24.92473216
56.84514042 24.24167308
57.40345259 23.87859447
58.13694787 23.74793061
58.72921146 23.56566783
59.18050174 22.99239533
59.45009769 22.66027090
59.80806034 22.53361197
59.80614831 22.31052481
59.44219120 21.71454051
59.28240767 21.43388581
58.86114139 21.11403453
58.48798587 20.42898591
58.03431848 20.48143749
57.82637251 20.24300243
57.66576216 19.73600495
57.78870039 19.06757030
57.69439090 18.94470958
57.23426395 18.94799103
56.60965091 18.57426708
56.51218916 18.08711335
56.28352095 17.87606680
55.66149173 17.88412832
55.26993941 17.63230907
55.27490034 17.22835440
54.79100223 16.95069693
54.23925296 17.04498058
53.57050825 16.70766267
53.10857263 16.65105113
52.38520593 16.38241120
52.19172936 15.93843313
52.16816491 15.59742036
51.17251509 15.17524974
49.57457645 14.70876659
48.67923058 14.00320242
48.23894738 13.94808950
47.93891402 14.00723318
47.35445357 13.59221975
46.71707645 13.39969920
45.87759281 13.34776439
45.62505008 13.29094615
45.40645877 13.02690542
45.14435591 12.95393830
44.98953332 12.69958690
44.49457645 12.72165274
44.17511275 12.58595043
43.48295861 12.63680004
43.22287113 13.22095043
43.25144820 13.76758373
43.08794396 14.06263032
42.89224531 14.80224925
42.60487267 15.21333527
42.80501550 15.26196280
42.70243778 15.71888581
42.82367069 15.91174226
42.77933231 16.34789134
42.64957279 16.77463532
42.34798913 17.07580557
42.27088789 17.47472179
41.75438195 17.83304617
41.22139123 18.67159964
40.93934126 19.48648530
40.24765222 20.17463451
39.80168460 20.33886221
39.13939945 21.29190481
39.02369592 21.98687531
39.06632897 22.57965567
38.49277225 23.68845104
38.02386030 24.07868561
37.48363488 24.28549470
37.15481774 24.85848298
37.20949141 25.08454153
36.93162723 25.60295950
36.63960371 25.82622753
36.24913659 26.57013561
35.64018151 27.37652049
35.13018680 28.06335196
34.63233605 28.05854605
34.78777876 28.60742727
34.83222049 28.95748343
34.95603723 29.35655467
34.92260257 29.50132620
34.64174116 29.09941275
34.42656050 28.34398082
34.15453576 27.82331493
33.92137170 27.64870026
33.58811039 27.97136791
33.13676843 28.41764558
32.42322025 29.85107229
32.32043583 29.76043183
32.73482914 28.70522492
33.34874515 27.69988577
34.10456465 26.14228059
34.47389611 25.59856700
34.79506514 25.03374360
35.69242639 23.92670523
35.49373050 23.75237478
35.52597660 23.10244029
36.69071170 22.20484650
36.86623000 22.00000000
37.18871748 21.01884654
36.96940270 20.83743643
37.11471683 19.80796438
37.48177453 18.61408377
37.86273319 18.36787141
38.41008996 17.99830740
38.99062300 16.84062613
39.26611006 15.92272350
39.81429365 15.43564728
41.17927494 14.49107962
41.73495161 13.92103689
42.27683068 13.34399201
42.58957645 13.00042125
43.08122603 12.69963858
43.31785241 12.39014842
43.28638146 11.97492829
42.71587365 11.73564057
43.14530480 11.46203970
43.47065962 11.27770987
43.66666833 10.86416922
44.11780358 10.44553844
44.61425907 10.44220531
45.55694055 10.69802949
46.64540124 10.81654938
47.52565759 11.12722809
48.02159631 11.19306387
48.37878381 11.37548168
48.94820641 11.41062165
49.26777347 11.43033621
49.72862390 11.57890595
50.25877241 11.67957164
50.73202518 12.02190217
51.11122684 12.02464102
51.13386112 11.74814627
51.04151533 11.16650218
51.04528771 10.64090119
50.83418949 10.27973461
50.55239790 9.19874116
50.07092858 8.08172923
49.45272342 6.80464956
48.59453291 5.33910594
47.74078657 4.21940685
46.56473433 2.85527823
45.56396854 2.04576691
44.06814253 1.05280427
43.13595137 0.29217886
42.04159956 -0.91916839
41.81096765 -1.44647470
41.58514164 -1.68325612
40.88477095 -2.08255991
40.63785000 -2.49979000
40.26304000 -2.57309000
40.12119999 -3.27768076
39.80008264 -3.68117034
39.60490075 -4.34655608
39.20222000 -4.67677000
38.74050907 -5.90894134
38.79978194 -6.47567677
39.44000126 -6.83999562
39.46997359 -7.09997975
39.19469323 -7.70392221
39.25200239 -8.00783131
39.18652835 -8.48552825
39.53575768 -9.11236338
39.94958255 -10.09840138
40.31658858 -10.31709604
40.47838749 -10.76544077
40.43725305 -11.76171071
40.56081140 -12.63917653
40.59962040 -14.20197519
40.77547529 -14.69176442
40.47725060 -15.40629445
40.08926395 -16.10077402
39.45255863 -16.72089121
38.53835086 -17.10102304
37.41113285 -17.58636810
36.28127933 -18.65968760
35.89649662 -18.84226043
35.19839969 -19.55281137
34.78638350 -19.78401173
34.70189253 -20.49704315
35.17612715 -21.25436126
35.37342777 -21.84083709
35.38584825 -22.14000000
35.56254554 -22.09000000
35.53393477 -23.07078786
35.37177412 -23.53535898
35.60747033 -23.70656300
35.45874556 -24.12260996
35.04073490 -24.47835052
34.21582401 -24.81631439
33.01321008 -25.35757334
32.57463220 -25.72731821
32.66036340 -26.14858449
32.91595503 -26.21586720
32.83012048 -26.74219166
32.58026493 -27.47015757
32.46213260 -28.30101124
32.20338871 -28.75240488
31.52100142 -29.25738698
31.32556115 -29.40197763
30.90176273 -29.90995696
30.62281335 -30.42377573
30.05571618 -31.14026946
28.92555261 -32.17204111
28.21975589 -32.77195281
27.46460819 -33.22696380
26.41945235 -33.61495045
25.90966434 -33.66704030
25.78062829 -33.94464609
25.17286177 -33.79685150
24.67785322 -33.98717580
23.59404341 -33.79447438
22.98818892 -33.91643076
22.57415734 -33.86408253
21.54279911 -34.25883880
20.68905277 -34.41717539
20.07126102 -34.79513681
19.61640506 -34.81916636
19.19327844 -34.46259897
18.85531457 -34.44430552
18.42464318 -33.99787282
18.37741092 -34.13652068
18.24449914 -33.86775156
18.25008019 -33.28143076
17.92519046 -32.61129079
18.24790978 -32.42913136
18.22176151 -31.66163299
17.56691776 -30.72572112
17.06441613 -29.87864105
17.06291751 -29.87595387
16.34497684 -28.57670501
15.60181807 -27.82124725
15.21047245 -27.09095591
14.98971073 -26.11737192
14.74321415 -25.39292002
14.40814416 -23.85301401
14.38571659 -22.65665293
14.25771406 -22.11120818
13.86864221 -21.69903696
13.35249800 -20.87283416
12.82684533 -19.67316579
12.60856408 -19.04534881
11.79491865 -18.06912933
11.73419885 -17.30188934
11.64009606 -16.67314219
11.77853722 -15.79381601
12.12358076 -14.87831634
12.17561893 -14.44914357
12.50009525 -13.54769988
12.73847863 -13.13790578
13.31291385 -12.48363047
13.63372114 -12.03864471
13.73872765 -11.29786305
13.68637943 -10.73107594
13.38732792 -10.37357838
13.12098758 -9.76689707
12.87536950 -9.16693369
12.92906131 -8.95909108
13.23643273 -8.56262949
12.93304040 -7.59653859
12.72829837 -6.92712208
12.22734704 -6.29444752
12.32243167 -6.10009246
12.18233687 -5.78993052
11.91496301 -5.03798675
11.09377282 -3.97882659
10.06613529 -2.96948252
9.40524540 -2.14431325
8.79799564 -1.11130136
8.83008670 -0.77907358
9.04841963 -0.45935149
9.29135054 0.26866608
9.49288862 1.01011953
9.30561323 1.16091136
9.64915816 2.28386608
9.79519575 3.07340445
9.40436690 3.73452688
8.94811568 3.90412893
8.74492394 4.35221528
8.48881555 4.49561738
8.50028771 4.77198294
7.46210819 4.41210826
7.08259647 4.46468903
6.69807214 4.24059418
5.89817264 4.26245331
5.36280480 4.88797069
5.03357425 5.61180248
4.32560713 6.27065115
3.57418013 6.25830048
2.69170169 6.25881725
1.86524051 6.14215770
1.06012170 5.92883739
-0.50763791 5.34347260
-1.06362464 5.00054780
-1.96470659 4.71046214
-2.85612505 4.99447582
-3.31108436 4.98429556
-4.00881955 5.17981334
-4.64991736 5.16826366
-5.83449622 4.99370067
-6.52876909 4.70508780
-7.51894121 4.33828848
-7.71215939 4.36456594
-7.97410722 4.35575511
-9.00479367 4.83241852
-9.91342038 5.59356070
-10.76538388 6.14071076
-11.43877947 6.78591686
-11.70819455 6.86009837
-12.42809892 7.26294200
-12.94904904 7.79864574
-13.12402544 8.16394644
-13.24655026 8.90304861
-13.68515398 9.49474376
-14.07404497 9.88616690
-14.33007585 10.01571971
-14.57969886 10.21446727
-14.69323198 10.65630077
-14.83955380 10.87657156
-15.13031125 11.04041169
-15.66418047 11.45847403
-16.08521420 11.52459402
-16.31478675 11.80651480
-16.30894731 11.95870189
-16.61383826 12.17091116
-16.67745195 12.38485159
-16.84152462 13.15139395
-16.71372881 13.59495860
-17.12610674 14.37351573
-17.62504269 14.72954051
-17.18517290 14.91947724
-16.70070635 15.62152741
-16.46309811 16.13503612
-16.54970781 16.67389212
-16.27055172 17.16696280
-16.14634742 18.10848155
-16.25688331 19.09671581

-177.55000973 68.19999767
-179.99998939 68.96364615

-179.99998939 -16.06713266
-179.79330950 -16.02088226
-179.91735877 -16.50178314
-179.99998939 -16.55521657

125.94707238 -8.43209482
126.64470422 -8.39824676
126.95724328 -8.27334482
127.33592818 -8.39731658
126.96799198 -8.66825612
125.92588504 -9.10600718
125.08852014 -9.39317311
124.43595015 -10.14000091
123.57998172 -10.35998748
123.45998905 -10.23999481
123.55000939 -9.90001556
123.98000899 -9.29002695
124.96868249 -8.89279022
125.08624637 -8.65688730
125.94707238 -8.43209482

-180.00000000 -84.71338000
-179.94249936 -84.72144337
-179.05867733 -84.13941172
-177.25677182 -84.45293263
-176.08467282 -84.09925913
-175.82988217 -84.11791432
-174.38250281 -84.53432301
-173.11655941 -84.11791432
-172.88910560 -84.06101857
-169.95122291 -83.88464691
-168.99998898 -84.11791432
-168.53019853 -84.23739023
-167.02209937 -84.57049651
-164.18214352 -84.82520965
-161.92977454 -85.13873056
-158.07137956 -85.37391001
-155.19225298 -85.09955983
-150.94209897 -85.29551686
-148.53307288 -85.60903777
-145.88891903 -85.31510223
-143.10771929 -85.04075205
-142.89228024 -84.57049651
-146.82906837 -84.53127410
-150.06073157 -84.29614634
-150.90292823 -83.90423227
-153.58620114 -83.68868987
-153.40990699 -83.23801971
-153.03775916 -82.82652028
-152.66563717 -82.45419158
-152.86151669 -82.04269215
-154.52629879 -81.76839365
-155.29017982 -81.41565032
-156.83744971 -81.10212941
-154.40878659 -81.16093719
-152.09766151 -81.00415089
-150.64829261 -81.33730885
-148.86599830 -81.04337331
-147.22074989 -80.67104461
-146.41774980 -80.33793833
-146.77028642 -79.92643890
-148.06294654 -79.65208872
-149.53190080 -79.35820485
-151.58841610 -79.29939707
-153.39032162 -79.16224782
-155.32937639 -79.06426930
-155.97566769 -78.69194061
-157.26830197 -78.37841969
-158.05176836 -78.02567637
-158.36513424 -76.88920827
-157.87547421 -76.98723846
-156.97457313 -77.30075937
-155.32937639 -77.20272918
-153.74283240 -77.06557993
-152.92024696 -77.49666473
-151.33378048 -77.39873789
-150.00194963 -77.18314381
-148.74848609 -76.90884531
-147.61248308 -76.57573903
-146.10440976 -76.47776051
-146.14352882 -76.10543182
-146.49609127 -75.73315480
-146.20231076 -75.38041147
-144.90962480 -75.20403981
-144.32203793 -75.53719777
-142.79435340 -75.34124074
-141.63876502 -75.08647593
-140.20900733 -75.06689056
-138.85759111 -74.96891204
-137.50620073 -74.73378428
-136.42890215 -74.51824188
-135.21458350 -74.30269948
-134.43119463 -74.36145558
-133.74565508 -74.43984873
-132.25716712 -74.30269948
-130.92531043 -74.47901946
-129.55428301 -74.45943410
-128.24203752 -74.32228484
-126.89062130 -74.42026336
-125.40208167 -74.51824188
-124.01149472 -74.47901946
-122.56215166 -74.49860483
-121.07361203 -74.51824188
-119.70255876 -74.47901946
-118.68414547 -74.18508392
-117.46980099 -74.02834930
-116.21631161 -74.24389170
-115.02155250 -74.06752003
-113.94433143 -73.71482838
-113.29798845 -74.02834930
-112.94545183 -74.38104095
-112.29908301 -74.71419891
-111.26105852 -74.42026336
-110.06632524 -74.79254038
-108.71490902 -74.91010426
-107.55934648 -75.18445444
-106.14914832 -75.12569834
-104.87607357 -74.94932667
-103.36794857 -74.98849741
-102.01650652 -75.12569834
-100.64553077 -75.30201832
-100.11670000 -74.87093353
-100.76304298 -74.53782724
-101.25270301 -74.18508392
-102.54533729 -74.10674245
-103.11331295 -73.73441375
-103.32875200 -73.36208506
-103.68128862 -72.61753102
-102.91748511 -72.75468027
-101.60523963 -72.81343637
-100.31252784 -72.75468027
-99.13737993 -72.91141489
-98.11888913 -73.20535044
-97.68803687 -73.55804209
-96.33659481 -73.61684987
-95.04396054 -73.47970062
-93.67290727 -73.28374359
-92.43900326 -73.16617970
-91.42056413 -73.40130747
-90.08873328 -73.32291432
-89.22695126 -72.55872324
-88.42395118 -73.00939341
-87.26833696 -73.18576507
-86.01482174 -73.08778655
-85.19223629 -73.47970062
-83.87999081 -73.51887135
-82.66564633 -73.63643524
-81.47091305 -73.85197763
-80.68744666 -73.47970062
-80.29579098 -73.12695729
-79.29688555 -73.51887135
-77.92585812 -73.42089284
-76.90736732 -73.63643524
-76.22187944 -73.96954152
-74.89004859 -73.87161468
-73.85202410 -73.65602060
-72.83353329 -73.40130747
-71.61921465 -73.26415822
-70.20904232 -73.14654266
-68.93591590 -73.00939341
-67.95662167 -72.79385101
-67.36906064 -72.48033009
-67.13403622 -72.04924529
-67.25154843 -71.63774586
-67.56494015 -71.24583180
-67.91747677 -70.85391774
-68.23084266 -70.46205535
-68.48545244 -70.10931203
-68.54420854 -69.71739796
-68.44628170 -69.32553558
-67.97623288 -68.95320688
-67.58449968 -68.54170745
-67.42784258 -68.14984507
-67.62367042 -67.71876027
-67.74118262 -67.32684621
-67.25154843 -66.87617604
-66.70318397 -66.58224049
-66.05681515 -66.20996347
-65.37132728 -65.89639088
-64.56827552 -65.60250701
-64.17654232 -65.17142221
-63.62815202 -64.89707204
-63.00139442 -64.64230722
-62.04168555 -64.58355112
-61.41492794 -64.27003021
-60.70985470 -64.07407317
-59.88726925 -63.95650929
-59.16258480 -63.70174448
-58.59455746 -63.38822357
-57.81114275 -63.27065968
-57.22358171 -63.52542449
-57.59572954 -63.85853078
-58.61414283 -64.15246632
-59.04507260 -64.36800872
-59.78934241 -64.21122243
-60.61192786 -64.30920094
-61.29741574 -64.54432871
-62.02210019 -64.79909352
-62.51176022 -65.09302907
-62.64885779 -65.48494313
-62.59012753 -65.85722015
-62.12007870 -66.19032643
-62.80556658 -66.42550587
-63.74569007 -66.50384734
-64.29410621 -66.83700530
-64.88169308 -67.15047454
-65.50842485 -67.58161102
-65.66508196 -67.95388803
-65.31254534 -68.36533579
-64.78371457 -68.67890838
-63.96110328 -68.91398447
-63.19729977 -69.22755706
-62.78595537 -69.61941945
-62.57051632 -69.99174814
-62.27673581 -70.38366220
-61.80666114 -70.71676849
-61.51290646 -71.08904551
-61.37580889 -72.01007456
-61.08197669 -72.38235158
-61.00366106 -72.77426564
-60.69026933 -73.16617970
-60.82736691 -73.69524302
-61.37580889 -74.10674245
-61.96336992 -74.43984873
-63.29520077 -74.57699798
-63.74569007 -74.92974131
-64.35283647 -75.26284759
-65.86098731 -75.63512461
-67.19281816 -75.79191090
-68.44628170 -76.00745330
-69.79772376 -76.22299570
-70.60072384 -76.63449513
-72.20677568 -76.67366587
-73.96953630 -76.63449513
-75.55597694 -76.71288828
-77.24037025 -76.71288828
-76.92697852 -77.10480234
-75.39929399 -77.28107065
-74.28287635 -77.55542083
-73.65611874 -77.90811248
-74.77253638 -78.22163340
-76.49610043 -78.12365488
-77.92585812 -78.37841969
-77.98466590 -78.78991912
-78.02378496 -79.18183318
-76.84863705 -79.51493947
-76.63322384 -79.88721649
-75.36009742 -80.25954518
-73.24485185 -80.41633148
-71.44294634 -80.69062998
-70.01316281 -81.00415089
-68.19164608 -81.31767181
-65.70427853 -81.47445810
-63.25603004 -81.74875661
-61.55202552 -82.04269215
-59.69141557 -82.37585011
-58.71212134 -82.84610565
-58.22248715 -83.21843434
-57.00811683 -82.86569101
-55.36289425 -82.57175547
-53.61977068 -82.25823455
-51.54364417 -82.00352142
-49.76134986 -81.72917124
-47.27393063 -81.70958587
-44.82570797 -81.84673512
-42.80836341 -82.08191456
-42.16202043 -81.65082977
-40.77143348 -81.35689422
-38.24481767 -81.33730885
-36.26666968 -81.12171478
-34.38639686 -80.90617238
-32.31029619 -80.76902313
-30.09709795 -80.59265146
-28.54980221 -80.33793833
-29.25490129 -79.98519500
-29.68580522 -79.63250335
-29.68580522 -79.26022633
-31.62480832 -79.29939707
-33.68132362 -79.45613169
-35.63991208 -79.45613169
-35.91410723 -79.08385467
-35.77700965 -78.33924896
-35.32654619 -78.12365488
-33.89676266 -77.88852711
-32.21236935 -77.65345102
-30.99805071 -77.35951548
-29.78373206 -77.06557993
-28.88277930 -76.67366587
-27.51175188 -76.49734588
-26.16033566 -76.36014495
-25.47482195 -76.28180348
-23.92755205 -76.24258107
-22.45859778 -76.10543182
-21.22469377 -75.90947479
-20.01037513 -75.67434702
-18.91354285 -75.43921925
-17.52298174 -75.12569834
-16.64158851 -74.79254038
-15.70149085 -74.49860483
-15.40771033 -74.10674245
-16.46532020 -73.87161468
-16.11278358 -73.46011525
-15.44685523 -73.14654266
-14.40880490 -72.95058563
-13.31197262 -72.71545786
-12.29350766 -72.40193694
-11.51006710 -72.01007456
-11.02043291 -71.53976735
-10.29577430 -71.26541717
-9.10101518 -71.32422495
-8.61138099 -71.65733123
-7.41662187 -71.69650197
-7.37745114 -71.32422495
-6.86823157 -70.93231089
-5.79098467 -71.03028940
-5.53637488 -71.40261810
-4.34166745 -71.46137420
-3.04898149 -71.28505421
-1.79549211 -71.16743865
-0.65948910 -71.22624643
-0.22863685 -71.63774586
0.86819543 -71.30463958
1.88668623 -71.12826792
3.02263757 -70.99111867
4.13905521 -70.85391774
5.15754601 -70.61878997
6.27391198 -70.46205535
7.13571984 -70.24651295
7.74286625 -69.89376963
8.48711022 -70.14853444
9.52513472 -70.01133351
10.24984500 -70.48164072
10.81782067 -70.83433237
11.95382368 -70.63837534
12.40428714 -70.24651295
13.42277795 -69.97216277
14.73499759 -70.03091888
15.12675663 -70.40324757
15.94934208 -70.03091888
17.02658898 -69.91335499
18.20171105 -69.87418426
19.25937259 -69.89376963
20.37573856 -70.01133351
21.45298547 -70.07014129
21.92303430 -70.40324757
22.56940311 -70.69718312
23.66618371 -70.52081146
24.84135746 -70.48164072
25.97730879 -70.48164072
27.09372643 -70.46205535
28.09258019 -70.32485442
29.15024173 -70.20729054
30.03158329 -69.93294036
30.97173262 -69.75662038
31.99017175 -69.65864186
32.75405277 -69.38429168
33.30244307 -68.83564300
33.87041874 -68.50258839
34.90849491 -68.65927134
35.30020226 -69.01201466
36.16201013 -69.24714243
37.20003462 -69.16874928
37.90510786 -69.52144093
38.64940352 -69.77620574
39.66789432 -69.54107798
40.02043094 -69.10994150
40.92135786 -68.93362151
41.95943404 -68.60051523
42.93870243 -68.46331430
44.11387617 -68.26740895
44.89729089 -68.05186655
45.71992801 -67.81673878
46.50334273 -67.60119638
47.44344038 -67.71876027
48.34441898 -67.36606862
48.99073612 -67.09171844
49.93088545 -67.11130381
50.75347090 -66.87617604
50.94932458 -66.52348439
51.79154707 -66.24913421
52.61413252 -66.05317718
53.61303796 -65.89639088
54.53355025 -65.81804941
55.41494348 -65.87680552
56.35504113 -65.97478403
57.15809289 -66.24913421
57.25596805 -66.68021901
58.13736128 -67.01332529
58.74450768 -67.28767547
59.93931848 -67.40523935
60.60522098 -67.67958953
61.42780643 -67.95388803
62.38748946 -68.01269581
63.19048954 -67.81673878
64.05234907 -67.40523935
64.99244673 -67.62073008
65.97171512 -67.73834564
66.91186446 -67.85590952
67.89113285 -67.93430267
68.89003828 -67.93430267
69.71262373 -68.97279225
69.67345300 -69.22755706
69.55594079 -69.67822723
68.59625777 -69.93294036
67.81273970 -70.30526906
67.94988895 -70.69718312
69.06630659 -70.67754608
68.92915734 -71.06946014
68.41998946 -71.44178883
67.94988895 -71.85328826
68.71376997 -72.16680918
69.86930668 -72.26478769
71.02489505 -72.08841603
71.57328535 -71.69650197
71.90628828 -71.32422495
72.45462691 -71.01070403
73.08141035 -70.71676849
73.33602014 -70.36402516
73.86487674 -69.87418426
74.49155684 -69.77620574
75.62755985 -69.73703501
76.62646529 -69.61941945
77.64490441 -69.46268483
78.13453861 -69.07077077
78.42837080 -68.69844207
79.11385868 -68.32621673
80.09312707 -68.07150359
80.93534956 -67.87554656
81.48379154 -67.54238860
82.05176721 -67.36606862
82.77642582 -67.20928232
83.77533125 -67.30726084
84.67620650 -67.20928232
85.65552656 -67.09171844
86.75235884 -67.15047454
87.47701745 -66.87617604
87.98628869 -66.20991180
88.35841068 -66.48426198
88.82840783 -66.95456919
89.67063032 -67.15047454
90.63036502 -67.22886769
91.59009973 -67.11130381
92.60853885 -67.18969695
93.54863651 -67.20928232
94.17541996 -67.11130381
95.01759077 -67.17011159
95.78147180 -67.38565399
96.68239872 -67.24850473
97.75964562 -67.24850473
98.68020959 -67.11130381
99.71818241 -67.24850473
100.38418827 -66.91534678
100.89335615 -66.58224049
101.57889571 -66.30789031
102.83241092 -65.56328460
103.47867639 -65.70048553
104.24255741 -65.97478403
104.90845991 -66.32752736
106.18156050 -66.93493214
107.16088057 -66.95456919
108.08139286 -66.95456919
109.15863976 -66.83700530
110.23583500 -66.69980438
111.05847212 -66.42550587
111.74396000 -66.13157033
112.86037764 -66.09234791
113.60467329 -65.87680552
114.38808801 -66.07276255
114.89730757 -66.38628346
115.60238081 -66.69980438
116.69916141 -66.66063364
117.38470096 -66.91534678
118.57946008 -67.17011159
119.83292362 -67.26809010
120.87099979 -67.18969695
121.65441450 -66.87617604
122.32036869 -66.56265512
123.22129561 -66.48426198
124.12227420 -66.62146290
125.16024702 -66.71938974
126.10039636 -66.56265512
127.00142663 -66.56265512
127.88276818 -66.66063364
128.80328047 -66.75861216
129.70425907 -66.58224049
130.78145430 -66.42550587
131.79994510 -66.38628346
132.93589644 -66.38628346
133.85646040 -66.28830495
134.75738732 -66.20996347
135.03158247 -65.72007090
135.07075321 -65.30857147
135.69748498 -65.58286997
135.87380497 -66.03359181
136.20670454 -66.44509124
136.61804894 -66.77819752
137.46027144 -66.95456919
138.59622277 -66.89576141
139.90844242 -66.87617604
140.80942101 -66.81736826
142.12169234 -66.81736826
143.06184167 -66.79778289
144.37406131 -66.83700530
145.49042728 -66.91534678
146.19555220 -67.22886769
145.99969852 -67.60119638
146.64606734 -67.89513193
147.72326257 -68.13025970
148.83962853 -68.38502451
150.13231449 -68.56129282
151.48370487 -68.71813079
152.50224735 -68.87481373
153.63819868 -68.89450246
154.28456750 -68.56129282
155.16585738 -68.83564300
155.92979007 -69.14921559
156.81113163 -69.38429168
158.02552779 -69.48227020
159.18101281 -69.59983408
159.67069868 -69.99174814
160.80665002 -70.22687591
161.57047936 -70.57961924
162.68689701 -70.73635386
163.84243371 -70.71676849
164.91968062 -70.77552459
166.11443973 -70.75593922
167.30909549 -70.83433237
168.42561649 -70.97148162
169.46358931 -71.20666107
170.50166548 -71.40261810
171.20679040 -71.69650197
171.08922652 -72.08841603
170.56042158 -72.44115936
170.10995812 -72.89182952
169.75736983 -73.24452117
169.28732100 -73.65602060
167.97510135 -73.81280690
167.38748864 -74.16549855
166.09480269 -74.38104095
165.64439090 -74.77295501
164.95885135 -75.14528371
164.23419274 -75.45880462
163.82279667 -75.87030405
163.56823856 -76.24258107
163.47026004 -76.69330291
163.48989709 -77.06557993
164.05787276 -77.45744232
164.27336348 -77.82977101
164.74346398 -78.18251434
166.60412560 -78.31961191
166.99578128 -78.75074839
165.19387577 -78.90748301
163.66621708 -79.12302540
161.76638472 -79.16224782
160.92416223 -79.73048187
160.74789392 -80.20073740
160.31696415 -80.57306609
159.78821089 -80.94539479
161.12001590 -81.27850107
161.62928714 -81.69000050
162.49099165 -82.06227752
163.70533614 -82.39543548
165.09594893 -82.70895639
166.60412560 -83.02247731
168.89566532 -83.33599822
169.40478153 -83.82589080
172.28393395 -84.04143320
172.47704878 -84.11791432
173.22408329 -84.41371022
175.98567183 -84.15899708
178.27721154 -84.47251800

-180.00000000 68.96363636
-177.55000973 68.19999767
-174.92825000 67.20589000
-175.01425000 66.58435000
-174.33983000 66.33556000
-174.57182000 67.06219000
-171.85731000 66.91308000
-169.89958000 65.97724000
-170.89107000 65.54139000
-172.53025000 65.43791000
-172.55500000 64.46079000
-172.95533000 64.25269000
-173.89184000 64.28260000
-174.65392000 64.63125000
-175.98353000 64.92288000
-176.20716000 65.35667000
-177.22266000 65.52024000
-178.35993000 65.39052000
-178.90332000 65.74044000
-178.68611000 66.11211000
-179.88377000 65.87456000
-179.43268000 65.40411000
-180.00000000 64.97970870

-180.00000000 71.51571434
-179.87187500 71.55762000
-179.02433000 71.55553000
-177.57794500 71.26948000
-177.66357500 71.13277000
-178.69378000 70.89302000
-180.00000000 70.83219921

178.90342500 70.78114000
178.72530000 71.09880000

179.36414266 -16.80135408
178.72505936 -17.01204167
178.59683860 -16.63915000
179.09660936 -16.43398428
179.41350936 -16.37905428

-61.20000000 -51.85000000
-60.00000000 -51.25000000
-59.15000000 -51.50000000
-58.55000000 -51.10000000
-57.75000000 -51.55000000
-58.05000000 -51.90000000
-59.40000000 -52.20000000
-59.85000000 -51.85000000
-60.70000000 -52.30000000
-61.20000000 -51.85000000

68.93500000 -48.62500000
69.58000000 -48.94000000
70.52500000 -49.06500000
70.56000000 -49.25500000
70.28000000 -49.71000000
68.74500000 -49.77500000
68.72000000 -49.24250000
68.86750000 -48.83000000
68.93500000 -48.62500000

178.12557000 -17.50481000
178.37360000 -17.33992000
178.71806000 -17.62846000
178.55271000 -18.15059000
177.93266000 -18.28799000
177.38146000 -18.16432000
177.28504000 -17.72465000
177.67087000 -17.38114000
178.12557000 -17.50481000

-61.68000000 10.76000000
-61.10500000 10.89000000
-60.89500000 10.85500000
-60.93500000 10.11000000
-61.77000000 10.00000000
-61.95000000 10.09000000
-61.66000000 10.36500000
-61.68000000 10.76000000

-155.40214000 20.07975000
-155.22452000 19.99302000
-155.06226000 19.85910000
-154.80741000 19.50871000
-154.83147000 19.45328000
-155.22217000 19.23972000
-155.54211000 19.08348000
-155.68817000 18.91619000
-155.93665000 19.05939000
-155.90806000 19.33888000
-156.07347000 19.70294000
-156.02368000 19.81422000
-155.85008000 19.97729000
-155.91907000 20.17395000
-155.86108000 20.26721000
-155.78505000 20.24870000
-155.40214000 20.07975000

-155.99566000 20.76404000
-156.07926000 20.64397000
-156.41445000 20.57241000
-156.58673000 20.78300000
-156.70167000 20.86430000
-156.71055000 20.92676000
-156.61258000 21.01249000
-156.25711000 20.91745000
-155.99566000 20.76404000

-156.75824000 21.17684000
-156.78933000 21.06873000
-157.32521000 21.09777000
-157.25027000 21.21958000
-156.75824000 21.17684000

-158.02520000 21.71696000
-157.94161000 21.65272000
-157.65283000 21.32217000
-157.70703000 21.26442000
-157.77860000 21.27729000
-158.12667000 21.31244000
-158.25380000 21.53919000
-158.29265000 21.57912000
-158.02520000 21.71696000

-159.36569000 22.21494000
-159.34512000 21.98200000
-159.46372000 21.88299000
-159.80051000 22.06533000
-159.74877000 22.13820000
-159.59620000 22.23618000
-159.36569000 22.21494000

-78.19087000 25.21030000
-77.89000000 25.17000000
-77.54000000 24.34000000
-77.53466000 23.75975000
-77.78000000 23.71000000
-78.03405000 24.28615000
-78.40848000 24.57564000
-78.19087000 25.21030000

-78.98000000 26.79000000
-78.51000000 26.87000000
-77.85000000 26.84000000
-77.82000000 26.58000000
-78.91000000 26.42000000
-78.98000000 26.79000000

-77.79000000 27.04000000
-77.00000000 26.59000000
-77.17255000 25.87918000
-77.35641000 26.00735000
-77.34000000 26.53000000
-77.78802000 26.92516000
-77.79000000 27.04000000

-64.01486000 47.03601000
-63.66450000 46.55001000
-62.93930000 46.41587000
-62.01208000 46.44314000
-62.50391000 46.03339000
-62.87433000 45.96818000
-64.14280000 46.39265000
-64.39261000 46.72747000
-64.01486000 47.03601000

46.68201000 44.60920000
47.67591000 45.64149000
48.64541000 45.80629000
49.10116000 46.39933000
50.03408329 46.60898998
51.19194543 47.04870474
52.04202274 46.80463695
53.04273685 46.85300609
53.22086551 46.23464590
53.04087650 45.25904654
52.16738976 45.40839143
51.31689904 45.24599824
51.27850345 44.51485423
50.30564294 44.60983552
50.33912927 44.28401561
50.89129195 44.03103364
51.34242720 43.13297476
52.50142622 42.79229788
52.69211226 42.44389537
52.44633915 42.02715078
52.50246000 41.78333000
52.81468876 41.13537059
52.91674971 41.86811656
53.72171349 42.12319143
54.00831099 41.55121084
54.73684533 40.95101492
53.85813928 40.63103445
52.91525109 40.87652334
52.69397261 40.03362906
53.35780806 39.97528636
53.10102787 39.29057364
53.88092858 38.95209300
53.73551110 37.90613618
53.92159793 37.19891836
53.82578983 36.96503083
52.26402469 36.70042166
50.84235436 36.87281424
50.14777144 37.37456656
49.19961226 37.58287425
48.88327000 38.32026000
48.85653242 38.81548636
49.22322839 39.04921886
49.39525923 39.39948172
49.56920210 40.17610098
50.39282108 40.25656118
50.08482954 40.52615713
49.61891483 40.57292430
49.11026371 41.28228669
48.58437000 41.80888000
47.49252000 42.98658000
47.59094000 43.66016000
46.68201000 44.60920000

-64.51912000 49.87304000
-64.17322000 49.95718000
-62.85829000 49.70641000
-61.83558500 49.28855000
-61.80630500 49.10506000
-62.29318000 49.08717000
-63.58926000 49.40069000
-64.51912000 49.87304000

-80.31539500 62.08556500
-79.92939000 62.38560000
-79.52002000 62.36371000
-79.26582000 62.15867500
-79.65752000 61.63308000
-80.09956000 61.71810000
-80.36215000 62.01649000
-80.31539500 62.08556500

-83.99367000 62.45280000
-83.25048000 62.91409000
-81.87699000 62.90458000
-81.89825000 62.71080000
-83.06857000 62.15922000
-83.77462000 62.18231000
-83.99367000 62.45280000

-75.21597000 67.44425000
-75.86588000 67.14886000
-76.98687000 67.09873000
-77.23640000 67.58809000
-76.81166000 68.14856000
-75.89521000 68.28721000
-75.11450000 68.01036000
-75.10333000 67.58202000
-75.21597000 67.44425000

-96.55740120 69.68003036
-95.64768865 69.10769485
-96.26951116 68.75704442
-97.61740120 69.06003036
-98.43180811 68.95070185
-99.79740120 69.40003036
-98.91741155 69.71003535
-98.21825526 70.14352310
-97.15740120 69.86003036
-96.55740120 69.68003036

-106.52258806 73.07600495
-105.40244971 72.67259288
-104.77483944 71.69841462
-104.46475501 70.99297964
-102.78537432 70.49776439
-100.98078162 70.02430492
-101.08930213 69.58448680
-102.73116574 69.50402660
-102.09329770 69.11960562
-102.43025387 68.75280630
-104.24000000 68.91000000
-105.96000000 69.18000000
-107.12255144 69.11924388
-109.00000000 68.78000000
-111.53414888 68.63005916
-113.31320000 68.53554000
-113.85495704 69.00744192
-115.22000000 69.28000000
-116.10794613 69.16820730
-117.34000000 69.96000000
-116.67473324 70.06652456
-115.13113237 70.23731517
-113.72139930 70.19235668
-112.41610430 70.36635122
-114.34999142 70.60000621
-116.48683773 70.52045034
-117.90481320 70.54055248
-118.43237790 70.90921214
-116.11311378 71.30918773
-117.65568112 71.29518342
-119.40198280 71.55857819
-118.56268002 72.30783478
-117.86641761 72.70595002
-115.18908749 73.31459504
-114.16716020 73.12145437
-114.66632870 72.65277497
-112.44101234 72.95539216
-111.05039954 72.45041006
-109.92033932 72.96112824
-109.00654497 72.63334463
-108.18835202 71.65087230
-107.68597958 72.06547232
-108.39640133 73.08954418
-107.51645504 73.23599519
-106.52258806 73.07600495

-79.77583313 72.80290222
-80.87609863 73.33318329
-80.83388519 73.69318390
-80.35305786 73.75971985
-78.06443787 73.65193176
-76.34000000 73.10268499
-76.25140381 72.82638550
-77.31443787 72.85554504
-78.39167023 72.87665558
-79.48625183 72.74220276
-79.77583313 72.80290222

139.86312000 73.36983000
140.81171000 73.76506000
142.06207000 73.85758000
143.48283000 73.47525000
143.60385000 73.21244000
142.08763000 73.20544000
140.03815500 73.31692000
139.86312000 73.36983000

148.22223000 75.34584500
150.73167000 75.08406000
149.57592500 74.68892000
147.97746500 74.77835500
146.11919000 75.17298000
146.35848500 75.49682000
148.22223000 75.34584500

138.83107500 76.13676000
141.47161500 76.09289000
145.08628500 75.56262500
144.30000000 74.82000000
140.61381000 74.84768000
138.95544000 74.61148000
136.97439000 75.26167000
137.51176000 75.94917000
138.83107500 76.13676000

-98.57700070 76.58860708
-98.50000000 76.72000000
-97.73558500 76.25656000
-97.70441500 75.74344000
-98.16000000 75.00000000
-99.80873430 74.89744416
-100.88365577 75.05735688
-100.86290768 75.64075796
-102.50208411 75.56381175
-102.56551693 76.33658112
-101.48974280 76.30536856
-99.98347816 76.64632966
-98.57700070 76.58860708

102.83781500 79.28129000
105.37243000 78.71334000
105.07547000 78.30689000
99.43814000 77.92100000
101.26490000 79.23399000
102.08635000 79.34641000
102.83781500 79.28129000

93.77766000 81.02460000
95.94089500 81.25040000
97.88385000 80.74697500
100.18665500 79.78013500
99.93976000 78.88094000
97.75794000 78.75620000
94.97259000 79.04474500
93.31288000 79.42650000
92.54540000 80.14379000
91.18107000 80.34146000
93.77766000 81.02460000

-96.01643348 80.60231558
-95.32345252 80.90728404
-94.29842465 80.97727977
-94.73542640 81.20646475
-92.40983192 81.25739187
-91.13288144 80.72344514
-87.81000000 80.32000000
-87.02000000 79.66000000
-85.81434302 79.33691478
-87.18756670 79.03931021
-89.03536089 78.28721141
-90.80434852 78.21532949
-92.87667681 78.34333202
-93.95115902 78.75100739
-93.93573361 79.11372427
-93.14523922 79.38011628
-94.97399065 79.37246817
-96.07614560 79.70500601
-96.70972449 80.15776907
-96.01643348 80.60231558

-91.58702000 81.89429000
-90.10000000 82.08500000
-88.93227000 82.11751000
-86.97024000 82.27961000
-85.50000000 82.65227346
-84.26000500 82.60000000
-83.18000000 82.32000000
-82.42000000 82.86000000
-81.10000000 83.02000000
-79.30664000 83.13056000
-76.25000000 83.17205882
-75.71878000 83.06404000
-72.83153000 83.23324000
-70.66576500 83.16978076
-68.50000000 83.10632152
-65.82735000 83.02801000
-63.68000000 82.90000000
-61.85000000 82.62860000
-61.89388000 82.36165000
-64.33400000 81.92775000
-66.75342000 81.72527000
-67.65755000 81.50141000
-65.48031000 81.50657000
-67.84000000 80.90000000
-69.46970000 80.61683000
-71.18000000 79.80000000
-73.24280000 79.63415000
-73.88000000 79.43016220
-76.90773000 79.32309000
-75.52924000 79.19766000
-76.22046000 79.01907000
-75.39345000 78.52581000
-76.34354000 78.18296000
-77.88851000 77.89991000
-78.36269000 77.50859000
-79.75951000 77.20968000
-79.61965000 76.98336000
-77.91089000 77.02204500
-77.88911000 76.77795500
-80.56125000 76.17812000
-83.17439000 76.45403000
-86.11184000 76.29901000
-87.60000000 76.42000000
-89.49068000 76.47239000
-89.61610000 76.95213000
-87.76739000 77.17833000
-88.26000000 77.90000000
-87.65000000 77.97022222
-84.97634000 77.53873000
-86.34000000 78.18000000
-87.96192000 78.37181000
-87.15198000 78.75867000
-85.37868000 78.99690000
-85.09495000 79.34543000
-86.50734000 79.73624000
-86.93179000 80.25145000
-84.19844000 80.20836000
-83.40869565 80.10000000
-81.84823000 80.46442000
-84.10000000 80.58000000
-87.59895000 80.51627000
-89.36663000 80.85569000
-90.20000000 81.26000000
-91.36786000 81.55310000
-91.58702000 81.89429000

-46.76379000 82.62796000
-43.40644000 83.22516000
-39.89753000 83.18018000
-38.62214000 83.54905000
-35.08787000 83.64513000
-27.10046000 83.51966000
-20.84539000 82.72669000
-22.69182000 82.34165000
-26.51753000 82.29765000
-31.90000000 82.20000000
-31.39646000 82.02154000
-27.85666000 82.13178000
-24.84448000 81.78697000
-22.90328000 82.09317000
-22.07175000 81.73449000
-23.16961000 81.15271000
-20.62363000 81.52462000
-15.76818000 81.91245000
-12.77018000 81.71885000
-12.20855000 81.29154000
-16.28533000 80.58004000
-16.85000000 80.35000000
-20.04624000 80.17708000
-17.73035000 80.12912000
-18.90000000 79.40000000
-19.70499000 78.75128000
-19.67353000 77.63859000
-18.47285000 76.98565000
-20.03503000 76.94434000
-21.67944000 76.62795000
-19.83407000 76.09808000
-19.59896000 75.24838000
-20.66818000 75.15585000
-19.37281000 74.29561000
-21.59422000 74.22382000
-20.43454000 73.81713000
-20.76234000 73.46436000
-22.17221000 73.30955000
-23.56593000 73.30663000
-22.31311000 72.62928000
-22.29954000 72.18409000
-24.27834000 72.59788000
-24.79296000 72.33020000
-23.44296000 72.08016000
-22.13281000 71.46898000
-21.75356000 70.66369000
-23.53603000 70.47100000
-24.30702000 70.85649000
-25.54341000 71.43094000
-25.20135000 70.75226000
-26.36276000 70.22646000
-23.72742000 70.18401000
-22.34902000 70.12946000
-25.02927000 69.25880000
-27.74737000 68.47046000
-30.67371000 68.12503000
-31.77665000 68.12078000
-32.81105000 67.73547000
-34.20196000 66.67974000
-36.35284000 65.97890000
-37.04378000 65.93768000
-38.37505000 65.69213000
-39.81222000 65.45848000
-40.66899000 64.83997000
-40.68281000 64.13902000
-41.18870000 63.48246000
-42.81938000 62.68233000
-42.41666000 61.90093000
-42.86619000 61.07404000
-43.37840000 60.09772000
-44.78750000 60.03676000
-46.26364000 60.85328000
-48.26294000 60.85843000
-49.23308000 61.40681000
-49.90039000 62.38336000
-51.63325000 63.62691000
-52.14014000 64.27842000
-52.27659000 65.17670000
-53.66166000 66.09957000
-53.30161000 66.83650000
-53.96911000 67.18899000
-52.98040000 68.35759000
-51.47536000 68.72958000
-51.08041000 69.14781000
-50.87122000 69.92910000
-52.01358500 69.57492500
-52.55792000 69.42616000
-53.45629000 69.28362500
-54.68336000 69.61003000
-54.75001000 70.28932000
-54.35884000 70.82131500
-53.43131500 70.83575500
-51.39014000 70.56978000
-53.10937000 71.20485000
-54.00422000 71.54719000
-55.00000000 71.40653697
-55.83468000 71.65444000
-54.71819000 72.58625000
-55.32634000 72.95861000
-56.12003000 73.64977000
-57.32363000 74.71026000
-58.59679000 75.09861000
-58.58516000 75.51727000
-61.26861000 76.10238000
-63.39165000 76.17520000
-66.06427000 76.13486000
-68.50438000 76.06141000
-69.66485000 76.37975000
-71.40257000 77.00857000
-68.77671000 77.32312000
-66.76397000 77.37595000
-71.04293000 77.63595000
-73.29700000 78.04419000
-73.15938000 78.43271000
-69.37345000 78.91388000
-65.71070000 79.39436000
-65.32390000 79.75814000
-68.02298000 80.11721000
-67.15129000 80.51582000
-63.68925000 81.21396000
-62.23444000 81.32110000
-62.65116000 81.77042000
-60.28249000 82.03363000
-57.20744000 82.19074000
-54.13442000 82.19962000
-53.04328000 81.88833000
-50.39061000 82.43883000
-48.00386000 82.06481000
-46.59984000 81.98594500
-44.52300000 81.66070000
-46.90070000 82.19979000
-46.76379000 82.62796000

-106.60000000 73.60000000
-105.26000000 73.64000000
-104.50000000 73.42000000
-105.38000000 72.76000000
-106.94000000 73.46000000
-106.60000000 73.60000000

